"V1","V2","V3","V4","V5","V6","V7","V8","V9","V10","V11","V12","V13","V14","V15","V16","V17","V18","V19","V20","V21","V22","V23","V24","V25","V26","V27","V28","V29","V30","V31","V32","V33","V34","V35","V36","V37","V38","V39","V40","V41","V42","V43","V44","V45","V46","V47","V48","V49","V50","V51","V52","V53","V54","V55","V56","V57","V58","V59","V60","V61","V62","V63","V64","V65","V66","V67","V68","V69","V70","V71","V72"
"1",0.0413066651906604,0.101893474231056,0.150812176771182,0.186290774216295,0.206557421862424,0.210895196235334,0.202160979217208,0.183967718044235,0.159926955519144,0.132251418719032,0.099130132859616,0.058033053225364,0.00643774685539068,-0.0555978343861523,-0.12169037052418,-0.184505072252841,-0.236724574829588,-0.273860826978138,-0.297358841226758,-0.309410708255314,-0.312215664516382,-0.308639904304092,-0.302750283226207,-0.298739250991624,-0.300755973031252,-0.310352558096954,-0.325055677088065,-0.342045726680051,-0.358486644976697,-0.37085845165002,-0.374726348095058,-0.365591668771279,-0.339120620783191,-0.295979689423098,-0.242616207099952,-0.185799523107549,-0.132100297217335,-0.0835193301867602,-0.0374875637592813,0.00876274984399403,0.0576427407044341,0.105161537997463,0.14179071129136,0.157819241893271,0.144465403627904,0.106258485982896,0.0576790979446316,0.0134473280889205,-0.0135501451214615,-0.0317400357877663,-0.0632996338590057,-0.13063540554832,-0.251681816547805,-0.401621658929377,-0.531889508980226,-0.593665505088074,-0.546666550185987,-0.418405893042358,-0.268726978181852,-0.157672358340107,-0.135457967652763,-0.186972379802683,-0.270454378829542,-0.344064135824215,-0.373112401180055,-0.362922444238868,-0.332727645641816,-0.301775352005261,-0.283503112715997,-0.263886453740866,-0.220794619750415,-0.132095672879628
"2",-0.209273507855555,-0.181116980470068,-0.10260483566341,-0.00344902546534761,0.0866397978194744,0.146860597581456,0.186595853664104,0.221613595423656,0.267672637930652,0.331354367701961,0.392841242734087,0.427598006746953,0.411129696400404,0.33260065498975,0.214658658890148,0.0849881019677083,-0.0287878162006698,-0.108982318748325,-0.158745284284111,-0.183850296566698,-0.190090390113891,-0.185074055498095,-0.179677977644569,-0.185120708021123,-0.212457914128072,-0.262972225416016,-0.322798062358492,-0.376766773689077,-0.409952902784861,-0.417536687641099,-0.408215876103265,-0.391631924677243,-0.377184720985771,-0.366947821367445,-0.354524773195581,-0.333047309618599,-0.295828539243064,-0.240353206212846,-0.168277690209121,-0.0814397463712051,0.0179258409213511,0.120456818368381,0.210625862627419,0.272702371385,0.291770143087555,0.264578303369657,0.196596980142962,0.0935061731903815,-0.0378208594118933,-0.176639231928321,-0.293254621423777,-0.357823547676479,-0.344449759023065,-0.264971933892366,-0.152190205238071,-0.0391292866100464,0.0430619273030075,0.0781317155086555,0.0569324057044207,-0.0296399235349457,-0.184430944698994,-0.36868149135276,-0.526660025947666,-0.602584944943648,-0.55482444331055,-0.420924787758208,-0.265958024910259,-0.155023837715555,-0.133238179698775,-0.151256970104625,-0.13185327346527,0.00220391320786574
"3",-0.17973014000177,-0.216024623388873,-0.189742491958669,-0.12505729278066,-0.046141914703974,0.0273428540820779,0.0910220771202011,0.143754654647731,0.184399682226235,0.212010798353379,0.22620124545445,0.226684271962049,0.213176689704474,0.186603301652184,0.150850092601992,0.11024847181316,0.0691264259810809,0.031256202993027,-0.000755332260898169,-0.0244480573164459,-0.0373741102564522,-0.0382299795864616,-0.0277722199753965,-0.00697287746774231,0.0231355004090267,0.0578902771481156,0.0870021783247826,0.0996979176503759,0.0854922615209593,0.0458696991175807,-0.001674421970256,-0.0385269753677522,-0.0465449496558545,-0.0218430385577308,0.0229806585676216,0.0744098490882644,0.119295270367602,0.152929349661898,0.179046204120277,0.201746980887208,0.224824314211629,0.246532414841978,0.260334905284949,0.259537449444725,0.238078793056452,0.198965829944894,0.151984804300475,0.107085106119795,0.0731651635277464,0.0469059728905832,0.0171063165367328,-0.0275663934393417,-0.0958308274805255,-0.171416985812104,-0.22417386044964,-0.223801722569907,-0.14642943287323,-0.0192397233782234,0.106238499578421,0.178326391711939,0.155000212213896,0.0584233481864938,-0.0630561726402579,-0.161013081708539,-0.19665182389899,-0.185061861672683,-0.160065459413943,-0.155503689541157,-0.192166370307199,-0.229152036536162,-0.207349097404967,-0.0676433056170617
"4",-0.180824437086824,-0.234750583382403,-0.203131935391505,-0.12270892846703,-0.0302209848157324,0.0445375901649323,0.0953007839531335,0.120780171026909,0.119692127275061,0.095535233707604,0.0655641131741914,0.0494917108357816,0.0669858793228451,0.122428103430311,0.182727975117316,0.209158520031952,0.163159270245826,0.0332062383479592,-0.135529125867506,-0.290736409698442,-0.38039961313416,-0.379982039132103,-0.314415388716025,-0.213805960374409,-0.108137878080616,-0.0200647949006963,0.0391218660056319,0.0591080775996253,0.0299765510722321,-0.0417039674357665,-0.127312794905839,-0.196689718920854,-0.220533733986015,-0.195601969547879,-0.148777497767277,-0.10862152932522,-0.102587449891776,-0.132648669885298,-0.175298624472425,-0.205922923808853,-0.201078724970248,-0.158354795339612,-0.093531682873269,-0.0229897675505683,0.0372371993470266,0.0760805124623108,0.0861833363336193,0.0602781620532875,-0.00732175006605428,-0.103926697525849,-0.204991208675331,-0.285772215711194,-0.323925715740722,-0.320042416985018,-0.287453077875389,-0.239624953481205,-0.189596666795092,-0.147002777319723,-0.119854541153423,-0.116153217144915,-0.141631209762059,-0.186937579548768,-0.236568253968063,-0.27500100964792,-0.289240537303093,-0.280431388700341,-0.254633753165862,-0.217912755404932,-0.175338810855774,-0.12728049630229,-0.0727184927364777,-0.0106332786855939
"5",-0.453785960294415,-0.538450337921395,-0.573866030805397,-0.567398186582052,-0.526411980552126,-0.458462232527445,-0.371746229785971,-0.274597178421543,-0.175346531797566,-0.0805800237655204,0.008138184515549,0.0901413298686313,0.16474932339697,0.226764657210153,0.259916150309425,0.246266906727867,0.167987009267871,0.0246172183982353,-0.14787543446282,-0.308937203162988,-0.418205420092482,-0.45315192448612,-0.423354336607023,-0.341748673181635,-0.221380284731607,-0.0818545494909579,0.0470551113521247,0.134700606247804,0.151060528062805,0.0921546737141295,-0.0111641033163846,-0.125611121679721,-0.218577118653436,-0.27793701204916,-0.315247585272783,-0.343384798735221,-0.374658887909526,-0.408368414697797,-0.430800267431183,-0.427675609502969,-0.385594257524203,-0.306929610671309,-0.20769879528621,-0.104368808158325,-0.0130701890421474,0.0548858711965703,0.0917911284380073,0.0900240438688649,0.0432740315965342,-0.0395296665685706,-0.13962566191086,-0.238088696599657,-0.316608624606067,-0.362755679133237,-0.36736659743137,-0.321313114008392,-0.219247313363912,-0.0858436513600398,0.0399065804583322,0.118923919117935,0.119162140964137,0.0553319973326092,-0.0387816154088337,-0.129337534977827,-0.188108366998617,-0.218279695713502,-0.233957638245609,-0.249259276108508,-0.272068062705032,-0.280802044229445,-0.245181623745721,-0.134925935515044
"6",-0.515547887490075,-0.497387658171354,-0.490538773361942,-0.478821108506478,-0.446055339693397,-0.381550556220223,-0.293209198216672,-0.192867268773255,-0.0923587005395234,-0.00145526696821702,0.0760030718401949,0.137236421557098,0.179464516972361,0.199781364042103,0.194972766183067,0.161778166622562,0.0969817941258809,0.00463992918893926,-0.0959416720078163,-0.183537073342751,-0.237019861542499,-0.244552687899704,-0.211020430764515,-0.143057182068251,-0.0474077446256907,0.0625404257409094,0.163103761047698,0.22971300624316,0.238311233222683,0.186130714972597,0.0988804394724848,0.0042574622422396,-0.0706056464916979,-0.115696097043393,-0.140793365328606,-0.156779437601875,-0.174167520642999,-0.194988893312822,-0.212792906553232,-0.220760131831379,-0.212348313570705,-0.185991005106021,-0.144425701437447,-0.0905318101187273,-0.0278409255032466,0.0307735538969722,0.0654542938409219,0.0561758909123314,-0.0138364486742491,-0.123569181745967,-0.227629192898806,-0.280217040524897,-0.240579059369307,-0.116198471177861,0.0586462939696666,0.24938972267802,0.421794256074361,0.544226848752528,0.586296475494762,0.517619760168373,0.318708466203942,0.0425052448486386,-0.228499634154786,-0.411728739947075,-0.443298011613152,-0.363925936851376,-0.250695449579643,-0.180725994204022,-0.20695187914729,-0.267987971973283,-0.268704156088404,-0.113965392217195
"7",-0.233346788426196,-0.259194083881134,-0.209629106917756,-0.116330082588252,-0.0109745008028874,0.0797995464130572,0.146426167921691,0.182951224854845,0.183426588835505,0.147890580677593,0.0936015783557127,0.04089533131611,0.0100769539215945,0.0110662672493698,0.0283253380393573,0.042486847601683,0.0342513758608116,-0.00465545975549263,-0.0593885636370274,-0.112191687083805,-0.145404853062033,-0.150353696774099,-0.134539803863498,-0.107156830778807,-0.0773809350674929,-0.0533383402105021,-0.0415278718856717,-0.0483083645619692,-0.0797696036434173,-0.130821326946109,-0.181418693792913,-0.210472827630779,-0.197575006261058,-0.142944313764806,-0.070647746274415,-0.0060807263957287,0.0263028340120879,0.0237037702634341,0.00497766484627455,-0.0100783890047496,-0.00264525729838301,0.0285398696193667,0.0695540502711965,0.10597362804719,0.124000757740449,0.118801601956671,0.092243818363337,0.0463563368377228,-0.0164878347749071,-0.0899157822514055,-0.164974006608701,-0.232665999117725,-0.284575610815463,-0.317834847571181,-0.332657671280814,-0.329291063854296,-0.309012767689502,-0.281286506435463,-0.259479671011865,-0.256983693399333,-0.283759980870814,-0.326967136442588,-0.364461536123706,-0.374072115725557,-0.339355375134759,-0.275917562432347,-0.210506827689453,-0.169882507625796,-0.171136120782536,-0.185660886991169,-0.171360733672439,-0.0861376204436793
"8",-0.268882674504151,-0.26846927192462,-0.261805398745989,-0.246863530713726,-0.221616312174302,-0.185192147376774,-0.140634861754399,-0.0918166174875362,-0.0426095441126585,0.00314674214680643,0.0417061498082627,0.0693393010600764,0.0823223574577537,0.0788093260171565,0.0615574278472328,0.0340163049493923,-0.000365574008717277,-0.03833026042902,-0.0770193258593329,-0.11362464853251,-0.145331924880334,-0.168749866749889,-0.179448495045221,-0.172889179334762,-0.144660717220975,-0.0979975883481898,-0.0479850795256246,-0.0107279018347472,-0.00200886692251794,-0.0242345979809974,-0.0619195528410816,-0.0983290693706088,-0.117122199602589,-0.113898607985654,-0.0980625618847943,-0.0797873016438523,-0.0689231303938747,-0.0678927953715836,-0.0716914879193771,-0.0749914621668566,-0.0726366016710701,-0.0625518814705856,-0.045327338353361,-0.0216408833742071,0.00740774038074776,0.0346765451393671,0.0485063591006826,0.0371293039372482,-0.00949137728281597,-0.0812681552679364,-0.155130090259795,-0.207789852325627,-0.217990791708072,-0.183889265351636,-0.114425401528283,-0.018654865615999,0.0926957934438984,0.195630385816464,0.259824798200959,0.254915946251432,0.158686524318244,0.00307236352480941,-0.15789935318107,-0.270136276622022,-0.291040829455646,-0.242336765017676,-0.168108759979068,-0.112463941737017,-0.107297566979235,-0.126781246253324,-0.128047637590392,-0.0682269133975501
"9",-0.277637753246891,-0.313162482987591,-0.318987065505791,-0.300801529162915,-0.264295916591975,-0.215258102159161,-0.159807389310109,-0.104133197800464,-0.0544227805493664,-0.0147052213197269,0.0171983827044617,0.0445763546283532,0.0707061794146071,0.0951912117202446,0.108628309789351,0.100259564054197,0.0593873325275018,-0.0149000784029198,-0.102993251207018,-0.182698795843075,-0.231934354215877,-0.238980845989358,-0.210775222607281,-0.15620593300521,-0.0842037477887309,-0.00623873776468066,0.062283110948163,0.105617238870856,0.108377379365948,0.0700657435506024,0.0100995659329644,-0.0507135756201322,-0.0920598297885471,-0.108599145676074,-0.112302759429942,-0.116106216858891,-0.132403659662392,-0.161136935026713,-0.189795595624921,-0.205327790020813,-0.195360097862431,-0.159698293622162,-0.108682829648534,-0.0530015150052074,-0.00317821013561547,0.0326115944977451,0.0479480505691879,0.0364535594725895,-0.00693856406467246,-0.07205563781327,-0.138893129542616,-0.187282642855437,-0.198986528322739,-0.174224796312879,-0.123470540889675,-0.0573067074465002,0.0129408347887257,0.0700461450857345,0.0939697023612654,0.0646546578624476,-0.0317095227631367,-0.167407875733691,-0.297785432613389,-0.378137254451203,-0.373996997092032,-0.308190453275982,-0.223460682182116,-0.162570740244961,-0.155476101437988,-0.171592755205237,-0.162466555071654,-0.0796407476860451
"10",-0.282390832574909,-0.283179244725571,-0.277410931540212,-0.261504452981587,-0.231878711699189,-0.187301727941513,-0.134499736107537,-0.0818825905472086,-0.037856702978016,-0.00739962318943741,0.0143742410207675,0.0341131096732548,0.0584483033939847,0.0882822480071801,0.110473972345194,0.109770080903454,0.0709925261391889,-0.00880211419326698,-0.106901281347031,-0.197361872713091,-0.254371130813771,-0.2642821913498,-0.235349300369564,-0.178117649949817,-0.103163483696063,-0.0229261369390152,0.0472672628165485,0.0918411758358214,0.0955853177434811,0.0584672019447396,0.000756363502417378,-0.055860301344359,-0.0902323050385975,-0.0974774295861779,-0.0915212864103332,-0.0873371601415914,-0.0992564804059033,-0.126848011723954,-0.154917853511162,-0.167630250178368,-0.150023955419018,-0.102836913567849,-0.04038644909986,0.0225623647572581,0.0717193129730659,0.0995959622831821,0.103788893612138,0.082017059305696,0.0327893001006499,-0.0362030907204545,-0.111344656942329,-0.178921206300806,-0.225938377414429,-0.246283287294823,-0.237665659648466,-0.197836173511987,-0.12699919690966,-0.0448455375227301,0.0196414547082287,0.0374212009449717,-0.013880886368998,-0.112323884749117,-0.217888703354721,-0.290502923414894,-0.298598344406665,-0.258193846432802,-0.201851671656536,-0.162150672042361,-0.1613338193503,-0.172787959553976,-0.155478514079553,-0.0683688005713493
"11",-0.290832965450283,-0.300512978248231,-0.288382838517191,-0.256533513028678,-0.207056197884621,-0.143614149202632,-0.0751963633985052,-0.0119185372318787,0.0361079371431223,0.0630590546617288,0.0754435050493386,0.0819739360531867,0.091344128245463,0.105851889857914,0.112116406659432,0.0943984675382127,0.0370432651802156,-0.0618989410669658,-0.175638398717715,-0.27376654245736,-0.326047162534859,-0.31833102808584,-0.265428779468759,-0.185180378428381,-0.0953922164543496,-0.0118564697292207,0.0527567192904371,0.0860457701890008,0.0759525608838749,0.0246910148337088,-0.0464344689367339,-0.114786712856742,-0.158274705802476,-0.17137164092169,-0.167700672405643,-0.161951685787145,-0.168202182590255,-0.18644483213778,-0.202587471551268,-0.201925553943519,-0.170637493754968,-0.110752627179724,-0.038010913907388,0.0313956101726882,0.0818996929566486,0.106883370748183,0.106419170680921,0.0807406272802429,0.0306903695443117,-0.0358082502826501,-0.106263671410574,-0.168108196240293,-0.209509455360999,-0.225664709739697,-0.215676124291305,-0.178687700991979,-0.115972499566272,-0.0457118984169562,0.00584961613726447,0.012417900454106,-0.0460557905750372,-0.148100792606882,-0.25530892047481,-0.329222025823935,-0.339474020593354,-0.300979583796907,-0.244394980489077,-0.200392280529608,-0.190028102087961,-0.188908293009274,-0.159222474528287,-0.0631583107350828
"12",-0.292527889233534,-0.297348999701211,-0.282706104244074,-0.249816391483343,-0.199897309827883,-0.135947151991258,-0.0669972591608324,-0.00335530922258534,0.0446753906445643,0.0711447574910107,0.0826247840870135,0.087925265216294,0.095837170655399,0.108769792748542,0.113488842877494,0.0944069065271445,0.0360203924784128,-0.0635634827954609,-0.177695670524172,-0.276133198120274,-0.328804806433375,-0.321666281674026,-0.269525388600457,-0.190207927340577,-0.101505383327055,-0.0191503602784317,0.0443158047436593,0.0766262922394678,0.0658563317455338,0.0142946365134009,-0.0567579377072093,-0.124673225349367,-0.167370352065417,-0.17936676001726,-0.174369289742608,-0.167153709941817,-0.17188257318048,-0.188614460924658,-0.203303983540879,-0.201292535260908,-0.168805006884913,-0.107926819609043,-0.0344623293436156,0.0353317577580293,0.0858318779525714,0.110483483309642,0.109512024974771,0.0833061155109459,0.0328389931052014,-0.0341198311758834,-0.105416154085378,-0.168822694173346,-0.212762577583076,-0.231876732315152,-0.224260026010641,-0.188044331749462,-0.123657844273693,-0.0497654353158567,0.00627145826282063,0.0170378410783793,-0.0385165521832777,-0.139129261331802,-0.246276678227377,-0.321384276889628,-0.333900391790618,-0.29816690270755,-0.244132660141506,-0.201762184242892,-0.191593674219461,-0.189608551088194,-0.158635899195632,-0.0615028842396375
"13",-0.293463427885553,-0.298855008871044,-0.283642690960678,-0.249480562190918,-0.198022959588123,-0.132631045916482,-0.0624482762975293,0.00215860678761765,0.0508272373073468,0.0775541929387333,0.0888745791955887,0.0935642437391612,0.100380423095284,0.111771178884091,0.114718719195809,0.0938788601937858,0.0339908367342394,-0.0666610060717751,-0.181388258190818,-0.279925933132631,-0.332181925836422,-0.324200192342148,-0.271072917994563,-0.190930852142737,-0.101867426521705,-0.0197370160244204,0.0430765425613832,0.0744879533602515,0.0627523286837952,0.010270080815191,-0.0616374389349579,-0.130327936699243,-0.173705387963279,-0.186241093434868,-0.181559923012226,-0.174353678923693,-0.178706668653092,-0.194730820560375,-0.20856568388162,-0.205743313108392,-0.172670142537807,-0.111449472736299,-0.0377619738909497,0.0322640013507128,0.0831235412212336,0.108241786829623,0.107719989625738,0.0818200623831518,0.0314129105834482,-0.035551020061161,-0.106553838528381,-0.169001529707417,-0.211018758559003,-0.227600666849694,-0.217558891746394,-0.179745960269867,-0.115220286825927,-0.0425587617296157,0.0113076497385017,0.0193965330294033,-0.0389211497439521,-0.14203718841976,-0.251113015328923,-0.327259235789052,-0.339700510702416,-0.30306534716281,-0.247766626018567,-0.204233075882835,-0.19335174563688,-0.190907622608235,-0.159372399892385,-0.0612158284558248
"14",-0.293360935173457,-0.297963378369383,-0.282540182409726,-0.248555638378847,-0.197474290160084,-0.132493618590955,-0.0626818550395351,0.00165076777585738,0.0501983641558138,0.0769846792338743,0.0884876673166689,0.0934109563920225,0.100439681026007,0.111989705810422,0.115108861860318,0.0945333025716161,0.0350820633413602,-0.0649678555012546,-0.179118132245064,-0.277316879380805,-0.329683444184785,-0.322319543879021,-0.270098449295697,-0.190903053858128,-0.102580840770561,-0.0208546800931491,0.0418457084872981,0.0733738870365169,0.0619239592120404,0.00984087213461102,-0.0616020730003718,-0.129810114768117,-0.172734402654941,-0.184882540498158,-0.179903133455858,-0.172511018934394,-0.176812638823438,-0.192921338129016,-0.206957364973507,-0.204432571962608,-0.171731706338832,-0.110909719864793,-0.0375758722235626,0.032213654847737,0.0830192880615444,0.108233640524642,0.107852270671825,0.0820296375375886,0.0315392617789244,-0.0356487445856505,-0.106921307368892,-0.169587969680746,-0.21168343390319,-0.228174819437109,-0.217880148381077,-0.179658701326616,-0.114584805500305,-0.0413240039709971,0.0130693975716358,0.0214894305426434,-0.0367913737093617,-0.140096216277438,-0.249449806434822,-0.325825825455279,-0.338341216034197,-0.301680194251617,-0.246368164421829,-0.202946435666583,-0.19237509638383,-0.190325269193208,-0.159099611812734,-0.0609988317831942
"15",-0.29336174329053,-0.298128726928425,-0.282701459281941,-0.248614638018332,-0.197403211324429,-0.132319439100821,-0.0624333974302289,0.00195403491320416,0.0505463202554353,0.077370656620988,0.0888914938179115,0.093795924904924,0.100752594727271,0.112176203763029,0.115150987094647,0.0944551531205153,0.0349496533703095,-0.0650691446837004,-0.179130837366298,-0.277217409248373,-0.329481957444725,-0.32204853946854,-0.269792226910945,-0.19059556543483,-0.102305596148852,-0.0206390869075166,0.0419891179785922,0.0734482106327789,0.0619476842831586,0.00983788244029575,-0.061615864320424,-0.129827698395907,-0.1727573945187,-0.18491273310075,-0.179932728322461,-0.172522082519787,-0.17677785088908,-0.192821204415888,-0.206797429874947,-0.204244166901395,-0.171570260682769,-0.110824438483273,-0.0375835073847615,0.0321296682880798,0.0829063674330929,0.108134743882344,0.107779497937215,0.0819635952073739,0.0314342883473315,-0.0358038330920671,-0.107064026723634,-0.169581514279575,-0.211330146206944,-0.22734495588312,-0.216583407826186,-0.178044991401448,-0.112926351544762,-0.0398732637289331,0.0141474904911851,0.0221178839497643,-0.0366055410102013,-0.140288103951065,-0.249907291927253,-0.326389595437122,-0.338821630043317,-0.301951648631119,-0.246401897374936,-0.202810560193441,-0.192208638058659,-0.19021544670548,-0.159045612453107,-0.0609118061591175
"16",-0.29330167227908,-0.298074065070404,-0.282642852883853,-0.248553553614474,-0.197351935110708,-0.132297195742663,-0.062453201568949,0.00188816032294709,0.050439341930381,0.0772345237536467,0.0887393643662496,0.0936411337809565,0.10060865554805,0.112057402435544,0.115073836886778,0.0944386135345237,0.0350150868129331,-0.0649050085940752,-0.178870655631252,-0.276885083258999,-0.329122484284691,-0.321714133136724,-0.269517333667195,-0.190394250302588,-0.102171661187638,-0.0205531675620654,0.0420485535371843,0.0735039153271662,0.0620235625338351,0.00995609818151523,-0.0614387559965358,-0.129581021303957,-0.172436352605994,-0.184518447628568,-0.179472280851512,-0.172008517304678,-0.176230002804597,-0.192259741261426,-0.206240894678953,-0.203708805847642,-0.171070003962671,-0.110370556556648,-0.0371843136545785,0.0324688272793174,0.0831831469200068,0.108350301016534,0.107938865691972,0.082075691375733,0.0315114452078453,-0.0357513364107853,-0.107031491749654,-0.169569881989428,-0.211345069916852,-0.227387938224188,-0.216646877404374,-0.178112250049014,-0.112972813064862,-0.0398762916224613,0.0142038916866987,0.0222430397681506,-0.0364091094880361,-0.140025574414591,-0.249591905666181,-0.326042658417595,-0.338470629024333,-0.301619709511295,-0.246104120450234,-0.202554016477706,-0.191993988325899,-0.190044594455241,-0.158923962924277,-0.0608482666594713
"17",-0.293297799631223,-0.298151444066934,-0.282734160654694,-0.24861772236767,-0.197374151402068,-0.132283893863691,-0.0624151024159827,0.00193963750330576,0.050492080672451,0.0772768370316251,0.0887632354354905,0.0936427953440214,0.100588586206577,0.11201912387419,0.115020965377207,0.0943744164191616,0.0349424902175708,-0.0649821674265157,-0.1789450021997,-0.27694537512642,-0.329153662583582,-0.32170212988597,-0.269457725931319,-0.190293165452329,-0.102045672282389,-0.0204230162962092,0.0421676862674475,0.0736032463643088,0.0621006539919708,0.010012677234768,-0.0613997133937457,-0.129555494013466,-0.172419284695657,-0.184504063474163,-0.17945444942767,-0.171980772477379,-0.176185631602068,-0.192193814104754,-0.206152295612695,-0.203600320810726,-0.170948215686065,-0.110243957766373,-0.037061675042762,0.0325785108668334,0.0832708911380304,0.108410493166634,0.107971777516366,0.0820875395279484,0.0315140232646072,-0.0357449358113444,-0.107009636818826,-0.169522447786445,-0.211264007904882,-0.227272721142732,-0.216507523852716,-0.177969356891544,-0.112855537771949,-0.0398063286451676,0.0142199521388059,0.0222137587861043,-0.0364622001576434,-0.140082469297834,-0.249640039471153,-0.326076923479565,-0.33849237461602,-0.301631142280236,-0.246106357764541,-0.202547084471599,-0.191977554129008,-0.190021427328579,-0.158900955923553,-0.0608364367841329
"18",-0.293292106828044,-0.298164785511347,-0.28275146879114,-0.248630490834931,-0.197380434837938,-0.132286968972093,-0.0624189320021969,0.00193136415004472,0.0504759484313287,0.0772503547170035,0.088726704854896,0.0935996453147903,0.10054536727954,0.111983719662301,0.114998207936356,0.0943654267085795,0.0349446885468369,-0.0649733650653169,-0.178932626927359,-0.276930457261336,-0.329135244051897,-0.321678422533859,-0.269428196725386,-0.190258754600126,-0.102008777520198,-0.0203865501559196,0.0422017576946743,0.0736340291257901,0.0621283223244263,0.0100383094646542,-0.0613743543521018,-0.129527975982126,-0.172386544054292,-0.184463552206844,-0.179405461229503,-0.171924516624085,-0.176125158494245,-0.192132302785978,-0.206091341287616,-0.203539860389333,-0.170886648712413,-0.110180317331007,-0.0369975055639268,0.0326390917276878,0.0833214651988093,0.108446248152553,0.107992427506721,0.0820973952369847,0.0315214418248243,-0.0357339471182773,-0.106995547187286,-0.169512271663941,-0.21127041270533,-0.227305497115282,-0.216568845661516,-0.178053732848399,-0.11295055982976,-0.0398986286140358,0.0141418622374232,0.0221594692268363,-0.0364854537389333,-0.140072843606946,-0.249602322762868,-0.326022539213126,-0.33843770517123,-0.301588148970382,-0.246079319940372,-0.202532596247332,-0.191966592793731,-0.190009130410793,-0.158889507199761,-0.0608350666998462
"19",-0.293295147311219,-0.298178184092728,-0.282768004747553,-0.248645425388371,-0.197391511099529,-0.132294027759404,-0.0624226103258321,0.00192990843137619,0.0504750369936963,0.0772481701218777,0.0887223875065103,0.0935934894958025,0.100538819078799,0.111978674487715,0.11499528848892,0.0943637239531926,0.0349417686289527,-0.0649803377291031,-0.17894453453094,-0.276945932057846,-0.329150683643601,-0.32168941696951,-0.269432097569031,-0.190254943666247,-0.101998652753461,-0.020372678416188,0.0422169538155767,0.0736483842660763,0.0621399332539241,0.010045738764678,-0.061371805843882,-0.129530250151273,-0.172392841014385,-0.184472800530404,-0.179416861584376,-0.171937572056211,-0.17613965967236,-0.192147988629666,-0.206107559595363,-0.203555553083224,-0.170900390695019,-0.110191014044239,-0.0370049963587869,0.0326340136963775,0.0833171316443578,0.108441242538994,0.107986427506595,0.0820911930051767,0.0315168242232288,-0.0357355909090267,-0.106994123982831,-0.169508999248115,-0.211267692383694,-0.227305695345492,-0.216573617258651,-0.178064013733796,-0.112966555192966,-0.039919718898673,0.0141171661663851,0.0221335263591872,-0.0365096452497717,-0.140093180078536,-0.249618220618094,-0.326034936825723,-0.338448747991156,-0.30159942757888,-0.246091257520419,-0.202544447968651,-0.191976779310943,-0.190016814258216,-0.158895058113988,-0.0608400616876291
"20",-0.293295865755407,-0.298176938454653,-0.282766899890251,-0.248645715280893,-0.197393598843049,-0.132297644559728,-0.0624274218068397,0.00192417395757386,0.0504685886116685,0.0772412388854414,0.0887154697122287,0.0935873901580402,0.100534650997216,0.111977542128076,0.11499751307144,0.0943687268894177,0.0349480744679687,-0.0649746229096214,-0.178940719939804,-0.276944615871545,-0.32915175537822,-0.32169227886592,-0.269436063131771,-0.190259279352327,-0.102002580672021,-0.0203755383081581,0.0422154535090108,0.0736481448061851,0.0621404718289612,0.0100464471434818,-0.0613713153334332,-0.129530120468192,-0.172392979022808,-0.184473138374394,-0.179417658864669,-0.171939432662698,-0.176143509291672,-0.192154557419601,-0.206116864859318,-0.203566876777777,-0.170912317654336,-0.110202118184625,-0.0370144342272842,0.0326264833510996,0.0833111802479948,0.108436435439416,0.107982570671853,0.0820883413668303,0.0315152264965365,-0.0357361336903883,-0.106994672315334,-0.169511482055857,-0.211274739386177,-0.227319034518008,-0.216593184634232,-0.178087943865648,-0.112991410862913,-0.0399423153906091,0.0140988911211131,0.0221205072241489,-0.0365175344198582,-0.140096677587657,-0.24961849435036,-0.326033583706201,-0.338447641774085,-0.301599867115745,-0.246093670660474,-0.202548391261625,-0.191981137283005,-0.190020741358958,-0.158898256761758,-0.0608427823100843
"21",-0.293296744574057,-0.298175894148795,-0.282765848947073,-0.248645713459648,-0.197394841202462,-0.132299653366122,-0.0624296831191476,0.00192207561346882,0.0504669702431897,0.0772403192892253,0.0887153702102424,0.0935881347291318,0.100536166267318,0.111979654049188,0.114999938780727,0.0943710734846472,0.0349498396619429,-0.0649739445253287,-0.17894141406004,-0.276946720418716,-0.329155061311785,-0.321696405737034,-0.269440595097195,-0.19026377940204,-0.102006592316072,-0.0203786867876238,0.0422133043450329,0.0736468790057829,0.0621397246768923,0.0100457439298865,-0.0613723736941777,-0.129531844478716,-0.17239559139352,-0.184476798006161,-0.179422488575305,-0.171945520731447,-0.176150906895869,-0.192163219677885,-0.206126591874847,-0.20357731107489,-0.170922950730206,-0.11021240812453,-0.0370239074386681,0.0326182287841782,0.083304468537441,0.108431426757409,0.107979196606258,0.0820863033679252,0.0315140138718323,-0.0357370345863594,-0.106995643119865,-0.169512770148715,-0.211276460076633,-0.22732119195255,-0.216595683410632,-0.178090589157395,-0.11299393362538,-0.039944572540645,0.0140968212450924,0.0221183242742615,-0.0365203016541373,-0.140100331155418,-0.249623028429074,-0.326038684192546,-0.338452751836258,-0.301604554004737,-0.2460977532298,-0.20255194009536,-0.191984397194187,-0.190023765051419,-0.158900796693864,-0.0608442906789698
"22",-0.293296746629322,-0.298174200408301,-0.282763899631572,-0.248644369657953,-0.197394384888137,-0.13229990174466,-0.0624303760072286,0.00192119383499637,0.0504661506071361,0.0772397861614375,0.0887152577745589,0.0935884756367007,0.100536891730815,0.111980625782449,0.115001027293255,0.0943721698587596,0.0349508554635364,-0.0649730917366823,-0.178940831116388,-0.276946542369773,-0.329155450784636,-0.321697493173518,-0.269442371168889,-0.190266083756428,-0.102009115319226,-0.0203810740850969,0.0422112897588174,0.0736453428460797,0.0621386425552391,0.0100450106621827,-0.0613728781325362,-0.129532250348258,-0.172396038785437,-0.184477424551433,-0.179423415235159,-0.171946851005829,-0.176152725644509,-0.192165566004862,-0.206129432013146,-0.203580537207472,-0.170926383304872,-0.110215837410361,-0.0370271294712394,0.0326154110175894,0.0833022405109102,0.108429896703817,0.107978346398044,0.0820859873350301,0.031513967555623,-0.0357370926686711,-0.106995945820761,-0.169513500596129,-0.211277745039024,-0.22732303840997,-0.216597943320449,-0.178092959076803,-0.112995985648514,-0.0399459999916699,0.0140960866477739,0.0221181116964424,-0.0365203629754077,-0.140100551396253,-0.24962355090344,-0.326039485038767,-0.33845366873819,-0.301605446906944,-0.246098560209215,-0.202552677417381,-0.191985133257693,-0.190024497230829,-0.158901414985198,-0.060844577694538
"23",-0.293296714736808,-0.298173581682516,-0.282763194522954,-0.24864386735474,-0.197394163322634,-0.132299870581646,-0.0624304222777519,0.001921174923691,0.0504662556571933,0.0772400892265762,0.0887157690597307,0.0935891341173657,0.100537565270997,0.111981151155483,0.115001308285741,0.0943721920274766,0.0349506858823675,-0.0649733455696977,-0.178941107450871,-0.276946836053567,-0.329155812874136,-0.321697994563184,-0.2694430371169,-0.190266887035793,-0.102009976753098,-0.0203818946656865,0.0422105790859349,0.0736447768994422,0.0621382220792329,0.0100447090477908,-0.0613731058579734,-0.129532466893434,-0.17239632370572,-0.184477847276334,-0.179424003885242,-0.171947590655688,-0.176153559859441,-0.192166432184365,-0.206130296734417,-0.203581397762083,-0.170927265540163,-0.110216756978184,-0.0370280583091487,0.0326145457915382,0.0833015518797841,0.108429470166624,0.10797818944303,0.0820860282237484,0.0315140637928907,-0.0357370558715436,-0.106995992021305,-0.169513561061972,-0.211277669589217,-0.227322699056463,-0.216597291840116,-0.178092027628265,-0.112994881009325,-0.0399448577917987,0.0140971237507194,0.0221188941516263,-0.0365199802270185,-0.140100633234204,-0.249624051151587,-0.326040246374194,-0.338454448767806,-0.301606064084367,-0.246098944561898,-0.202552870597545,-0.191985259783259,-0.190024628545724,-0.158901529332465,-0.0608445601104875
"24",-0.293296608494931,-0.298173331325288,-0.282762900300983,-0.248643593060394,-0.197393936290952,-0.132299687980311,-0.0624302724158997,0.0019213080874333,0.0504663925086508,0.0772402484639401,0.0887159503422275,0.0935893149644264,0.100537701110129,0.11198119155092,0.115001236720177,0.094372031886085,0.0349505003009666,-0.0649734783580622,-0.17894114581409,-0.276946781470189,-0.329155709689692,-0.321697907247108,-0.26944300932029,-0.190266937308688,-0.102010098687695,-0.0203820654892942,0.0422103851918091,0.0736445876533663,0.0621380669400442,0.0100446125740724,-0.0613731328903462,-0.129532428111411,-0.1723962367274,-0.184477731225568,-0.179423864957213,-0.171947421312847,-0.1761533395398,-0.192166143592121,-0.206129942130583,-0.203580999672771,-0.170926865587865,-0.110216394900836,-0.0370277538121852,0.0326147936335707,0.0833017633172464,0.108429666068156,0.107978377310472,0.0820862018555852,0.031514204937705,-0.0357369582936991,-0.106995929518022,-0.169513505361806,-0.211277575293539,-0.227322528990782,-0.216597031136543,-0.178091683876386,-0.112994482355914,-0.0399444378493126,0.0140975331008668,0.0221192628033837,-0.0365196789543829,-0.140100411627192,-0.249623902627787,-0.326040145469081,-0.338454355515734,-0.301605948533275,-0.246098795295703,-0.202552694744699,-0.191985079204438,-0.190024461813614,-0.158901386412531,-0.0608444423601953
"25",-0.293296565020265,-0.298173345932673,-0.28276291781131,-0.248643580970829,-0.197393884774261,-0.132299605188601,-0.0624301685709044,0.00192142406016731,0.0504665129785222,0.0772403658547954,0.088716053564065,0.093589388775711,0.100537726135512,0.111981150288417,0.115001128266721,0.0943718741525587,0.0349503299443005,-0.0649736169613026,-0.178941223690061,-0.276946787959281,-0.329155652378673,-0.321697805635142,-0.269442883416482,-0.190266806439341,-0.102009981441677,-0.0203819764403241,0.0422104405656304,0.0736446134065832,0.0621380765100554,0.0100446225566882,-0.0613731110667977,-0.129532388767347,-0.172396179750978,-0.184477656583189,-0.179423766347074,-0.171947285811425,-0.176153148083214,-0.192165882047545,-0.206129612367655,-0.203580620044962,-0.170926470118954,-0.110216018680561,-0.0370274203638766,0.0326150727695155,0.0833019881346163,0.108429841667161,0.107978509092343,0.0820862954069335,0.0315142665068811,-0.0357369162589106,-0.106995884797697,-0.169513425904337,-0.211277421609527,-0.227322277038326,-0.216596685033832,-0.178091276037902,-0.112994069572809,-0.0399440701609514,0.0140978272512005,0.0221194766599081,-0.0365195325385432,-0.140100314008504,-0.249623835009459,-0.326040088917692,-0.338454291955519,-0.301605866309864,-0.246098691110322,-0.202552573656109,-0.191984953307247,-0.190024343990839,-0.158901288491474,-0.0608443751121708
"26",-0.293296543963434,-0.298173390629662,-0.282762968126597,-0.248643602405325,-0.197393868464529,-0.132299562564526,-0.0624301132572364,0.00192148007268195,0.0504665593335608,0.0772403942507034,0.0887160589626903,0.0935893696184326,0.10053768434226,0.11198109092526,0.115001058731016,0.0943718040503832,0.0349502710779253,-0.0649736526267733,-0.178941228290647,-0.276946758269037,-0.329155589803038,-0.32169771559052,-0.269442774213358,-0.190266689165449,-0.102009869902068,-0.0203818835612871,0.0422105083104813,0.0736446564757872,0.0621381022105423,0.0100446415631218,-0.0613730893677921,-0.129532356602219,-0.172396130944306,-0.1844775861043,-0.1794236697859,-0.171947159349304,-0.17615298857766,-0.192165688982019,-0.206129389801329,-0.203580376697491,-0.170926219183407,-0.110215774465145,-0.0370271953871085,0.0326152678745827,0.0833021447807517,0.108429955609856,0.107978582146978,0.0820863354900975,0.031514287189176,-0.0357369009515673,-0.106995863738069,-0.169513390919767,-0.211277367629839,-0.227322203509722,-0.216596596704298,-0.178091182965628,-0.112993985998657,-0.0399440055540037,0.0140978724637755,0.0221195111191535,-0.0365194928209347,-0.140100256935587,-0.249623757002823,-0.326039994931044,-0.338454193847267,-0.30160577373658,-0.246098608360913,-0.202552499648637,-0.191984883319108,-0.190024277837065,-0.158901232938815,-0.0608443438794485
"27",-0.293296543388221,-0.29817343065892,-0.282763014140823,-0.248643633960803,-0.197393879292919,-0.132299557722825,-0.0624300994725937,0.00192149644559266,0.0504665723131096,0.0772403987934382,0.0887160525889506,0.0935893527028605,0.100537660110548,0.111981064351742,0.115001033836301,0.0943717834948622,0.0349502561656115,-0.0649736613249345,-0.178941229629695,-0.27694675036541,-0.32915557004813,-0.321697681915969,-0.26944272736882,-0.190266632956864,-0.102009811154032,-0.0203818298593198,0.0422105521194187,0.0736446885843228,0.0621381238231623,0.0100446557438322,-0.061373079236849,-0.129532346928375,-0.172396117941431,-0.184477566310391,-0.179423640661463,-0.171947119310686,-0.176152937000073,-0.192165626269042,-0.206129317454414,-0.203580297318986,-0.170926136449216,-0.110215692633969,-0.0370271188759577,0.0326153345043903,0.0833021969510891,0.108429990552083,0.107978600267277,0.0820863404023337,0.031514285470722,-0.0357369025983609,-0.106995860317182,-0.169513379172032,-0.211277346073921,-0.2273221728339,-0.216596559984093,-0.178091145666134,-0.112993955417079,-0.0399439863924345,0.0140978802095701,0.022119512172738,-0.0365194898985773,-0.140100245608998,-0.249623735153811,-0.32603996486574,-0.338454161467293,-0.301605743901162,-0.246098583274546,-0.202552478859464,-0.191984864482624,-0.190024260326009,-0.158901218908741,-0.0608443382688861
"28",-0.293296545870696,-0.298173447428741,-0.282763033045169,-0.248643647912606,-0.197393886270712,-0.132299559745249,-0.0624300991242786,0.00192149674900708,0.0504665703253081,0.0772403927738577,0.088716042270512,0.0935893394649109,0.100537646976025,0.111981055026247,0.115001030352546,0.0943717858583442,0.0349502623612732,-0.0649736542513488,-0.178941223304039,-0.276946744799602,-0.329155563651,-0.321697672505327,-0.269442713993396,-0.190266616086889,-0.102009792667533,-0.0203818122198709,0.0422105671371917,0.0736447000043738,0.0621381314646555,0.0100446600810978,-0.0613730772616402,-0.129532345918289,-0.172396116065866,-0.184477561944852,-0.179423633127207,-0.171947108915925,-0.17615292500397,-0.192165614053605,-0.206129305696398,-0.203580285953882,-0.170926124720313,-0.110215679972996,-0.0370271056648135,0.0326153469085185,0.0833022063114202,0.108429995122957,0.107978599818901,0.082086336245445,0.0315142803008834,-0.0357369065107766,-0.106995862294746,-0.169513380149724,-0.211277348425981,-0.227322178718578,-0.216596570424172,-0.178091160539077,-0.112993973509704,-0.0399440058351279,0.0140978617357924,0.0221194974349541,-0.0365194979350006,-0.140100245441115,-0.249623727418574,-0.326039952341993,-0.338454148588352,-0.301605734027346,-0.246098577744985,-0.20255247699115,-0.19198486406625,-0.190024259969734,-0.158901218730027,-0.0608443398945965
"29",-0.29329654882117,-0.298173452381324,-0.28276303861921,-0.24864365323977,-0.197393890994967,-0.132299563932074,-0.0624301029530825,0.00192149304995424,0.0504665664789938,0.0772403885707398,0.0887160379028088,0.0935893355863411,0.100537644700672,0.111981055543187,0.115001033981183,0.0943717919063128,0.034950269128202,-0.0649736488622918,-0.178941220503741,-0.27694674475153,-0.329155565476636,-0.321697674791912,-0.269442715707966,-0.190266616671881,-0.102009792038576,-0.0203818106328167,0.0422105692923586,0.0736447022212664,0.0621381331247167,0.0100446606294835,-0.0613730780807963,-0.129532348045451,-0.17239611913603,-0.184477565588863,-0.179423637320109,-0.171947113996368,-0.176152931654142,-0.19216562283777,-0.206129316599428,-0.203580298361195,-0.170926137449706,-0.110215691846139,-0.037027116001579,0.0326153382737573,0.0833021990571618,0.108429988832652,0.107978594274072,0.0820863314327388,0.0315142763827389,-0.0357369095371424,-0.106995864817346,-0.169513382945467,-0.211277352594112,-0.227322185044348,-0.216596579025365,-0.178091170862224,-0.112993984408661,-0.0399440161951169,0.0140978527005935,0.0221194901795787,-0.0365195032797717,-0.140100249025303,-0.249623729655275,-0.326039953907327,-0.338454150344292,-0.30160573658989,-0.246098581334033,-0.202552481430355,-0.191984868848962,-0.190024264570704,-0.15890122269742,-0.0608443428500029
"30",-0.293296550170166,-0.298173451792371,-0.282763037844262,-0.248643653302138,-0.197393892189337,-0.132299565974582,-0.0624301054897067,0.00192149033583504,0.0504665638666156,0.0772403863159608,0.0887160362784016,0.0935893348891936,0.10053764525147,0.111981057578721,0.115001037390362,0.0943717961904492,0.0349502734025223,-0.0649736456243765,-0.178941218958392,-0.276946745119978,-0.329155567546761,-0.321697678065297,-0.269442719664625,-0.190266620797958,-0.102009795827882,-0.0203818136795745,0.0422105671497723,0.0736447008879556,0.0621381322530364,0.0100446597757076,-0.0613730792469141,-0.129532349726046,-0.172396121408693,-0.184477568514686,-0.179423641068616,-0.171947118852463,-0.176152938008013,-0.192165630952477,-0.206129326378494,-0.203580309338502,-0.170926148807049,-0.110215702728338,-0.0370271257890443,0.0326153299560376,0.0833021923448792,0.108429983697467,0.107978590579903,0.0820863289371142,0.0315142747373899,-0.035736910779417,-0.10699586619825,-0.169513385101132,-0.211277356215515,-0.227322190498891,-0.216596586146669,-0.178091178947876,-0.112993992302738,-0.0399440229435754,0.0140978475373803,0.0221194865248966,-0.0365195059539515,-0.140100251266026,-0.249623731852252,-0.326039956292414,-0.338454153004516,-0.301605739540352,-0.246098584543253,-0.202552484820295,-0.191984872285034,-0.190024267814549,-0.158901225392966,-0.0608443445234613
"31",-0.293296550664809,-0.298173450407828,-0.282763036238863,-0.24864365243903,-0.197393892336504,-0.132299566847387,-0.0624301067337952,0.00192148904237699,0.0504665628132422,0.0772403857420024,0.0887160363222548,0.0935893355792405,0.100537646506142,0.111981059228101,0.115001039229137,0.0943717979858787,0.0349502748946409,-0.0649736446892282,-0.178941218757258,-0.276946745744437,-0.329155569002888,-0.321697680270567,-0.269442722442332,-0.190266623876632,-0.102009798842963,-0.0203818162738115,0.0422105651706978,0.0736446995420431,0.0621381313839728,0.01004465913625,-0.0613730798834043,-0.129532350557818,-0.172396122605692,-0.184477570221275,-0.179423643406705,-0.171947121921692,-0.176152941883923,-0.192165635644548,-0.206129331788186,-0.203580315257429,-0.17092615492117,-0.110215708693216,-0.0370271312949421,0.032615325182013,0.0833021885339025,0.108429980969197,0.107978588890303,0.0820863280771939,0.0315142743455355,-0.0357369110741311,-0.106995866683602,-0.169513385980211,-0.211277357603218,-0.227322192388442,-0.216596588391017,-0.178091181259495,-0.112993994284693,-0.0399440243362082,0.0140978467388122,0.0221194860694949,-0.0365195065253069,-0.140100252305439,-0.249623733476208,-0.326039958381404,-0.338454155246944,-0.301605741678231,-0.246098586457618,-0.202552486531292,-0.191984873907839,-0.190024269351018,-0.158901226670127,-0.0608443451935139
"32",-0.293296550672239,-0.298173449412823,-0.282763035095126,-0.248643651648611,-0.197393892049813,-0.132299566934131,-0.062430107023303,0.00192148871031408,0.0504665625883535,0.0772403857478095,0.0887160366108261,0.0935893361231063,0.100537647198396,0.111981059917184,0.11500103980409,0.0943717983891732,0.0349502751220198,-0.0649736446141324,-0.178941218836151,-0.276946746011064,-0.329155569522648,-0.321697681104262,-0.269442723580921,-0.190266625234402,-0.102009800258453,-0.0203818175650545,0.0422105641205442,0.073644698777331,0.0621381308771924,0.0100446588141665,-0.0613730801047921,-0.129532350770835,-0.172396122910395,-0.184477570707376,-0.17942364413268,-0.171947122913618,-0.176152943135885,-0.192165637128044,-0.206129333461525,-0.203580317066145,-0.170926156797965,-0.110215710557043,-0.0370271330502014,0.0326153236454968,0.0833021873370999,0.108429980189713,0.107978588521885,0.0820863280287614,0.0315142744481776,-0.0357369109857414,-0.106995866718685,-0.169513386191006,-0.21127735798659,-0.227322192901252,-0.216596588958661,-0.178091181775996,-0.112993994623021,-0.0399440244302807,0.0140978468550324,0.0221194862617588,-0.0365195064703881,-0.140100252539807,-0.24962373403301,-0.32603995917482,-0.338454156095633,-0.301605742436513,-0.246098587061087,-0.202552486996854,-0.191984874311568,-0.190024269723447,-0.158901226965346,-0.0608443452891591
"33",-0.293296550586579,-0.298173449002907,-0.282763034633301,-0.248643651294671,-0.197393891851,-0.132299566847764,-0.0624301069934375,0.00192148873666644,0.0504665626612174,0.0772403859060697,0.0887160368587072,0.0935893364259696,0.100537647482811,0.111981060094832,0.115001039830372,0.0943717982720198,0.0349502749217168,-0.064973644813971,-0.178941218989445,-0.276946746116932,-0.329155569625116,-0.321697681265297,-0.269442723831876,-0.190266625570938,-0.102009800640859,-0.0203818179374884,0.0422105638002338,0.0736446985350393,0.0621381307225976,0.0100446587423178,-0.0613730801113482,-0.129532350741907,-0.172396122887617,-0.184477570728189,-0.179423644211813,-0.171947123042054,-0.176152943281789,-0.192165637258104,-0.206129333562287,-0.203580317144941,-0.170926156881622,-0.110215710668597,-0.0370271331887719,0.0326153235053743,0.0833021872432976,0.108429980181342,0.10797858860599,0.0820863281797643,0.0315142746111853,-0.0357369108564559,-0.106995866634856,-0.169513386129962,-0.211277357895037,-0.227322192731453,-0.216596588688533,-0.178091181409324,-0.112993994188082,-0.0399440239688919,0.0140978472927333,0.0221194866173454,-0.0365195062584739,-0.140100252501976,-0.249623734154541,-0.326039959395819,-0.338454156321375,-0.301605742595318,-0.246098587124433,-0.202552486979405,-0.191984874261041,-0.19002426967275,-0.158901226918445,-0.0608443452210791
"34",-0.29329655050929,-0.298173448907916,-0.282763034529614,-0.248643651188483,-0.197393891745698,-0.13229956674428,-0.0624301068914398,0.00192148883851595,0.0504665627652635,0.0772403860132544,0.0887160369616436,0.0935893365077033,0.100537647516847,0.111981060054224,0.115001039710002,0.0943717980919504,0.0349502747270948,-0.0649736449682219,-0.178941219070729,-0.276946746119023,-0.329155569568028,-0.321697681183228,-0.269442723751502,-0.190266625509141,-0.102009800604759,-0.0203818179262762,0.0422105637924592,0.0736446985190251,0.0621381307138155,0.0100446587559216,-0.0613730800672683,-0.129532350666796,-0.172396122788214,-0.184477570611275,-0.179423644075825,-0.171947122876616,-0.176152943068241,-0.192165636981606,-0.206129333223936,-0.203580316762294,-0.170926156487847,-0.110215710297327,-0.0370271328609857,0.0326153237817786,0.0833021874729083,0.108429980372693,0.107978588765179,0.0820863283102948,0.0315142747145078,-0.0357369107746936,-0.106995866560776,-0.169513386041388,-0.211277357763227,-0.227322192537655,-0.216596588433178,-0.178091181112129,-0.112993993885509,-0.0399440236939829,0.014097847519968,0.0221194867899891,-0.036519506135232,-0.140100252417401,-0.249623734095029,-0.326039959344905,-0.33845415626105,-0.301605742513411,-0.246098587017174,-0.202552486851429,-0.191984874124263,-0.190024269541049,-0.1589012268061,-0.0608443451427646
"35",-0.293296550473813,-0.29817344893412,-0.2827630345627,-0.248643651196508,-0.19739389171957,-0.132299566693071,-0.0624301068265103,0.00192148890688317,0.0504665628278591,0.0772403860619325,0.0887160369892878,0.0935893365082213,0.100537647485175,0.111981059988159,0.115001039614685,0.0943717979805415,0.0349502746207421,-0.0649736450457148,-0.178941219104084,-0.276946746102892,-0.329155569506966,-0.321697681088648,-0.269442723636204,-0.190266625386742,-0.102009800489642,-0.0203818178306367,0.042210563863187,0.0736446985665637,0.0621381307469457,0.0100446587864065,-0.0613730800301346,-0.129532350616569,-0.172396122721229,-0.18447757052452,-0.179423643964479,-0.171947122733915,-0.176152942885697,-0.192165636754067,-0.206129332954641,-0.203580316463098,-0.170926156178826,-0.110215709999709,-0.037027132591043,0.0326153240129338,0.0833021876592977,0.108429980513118,0.107978588862956,0.0820863283732471,0.0315142747547519,-0.0357369107432494,-0.106995866524045,-0.169513385985133,-0.211277357673794,-0.227322192408996,-0.216596588270756,-0.178091180932955,-0.112993993716197,-0.0399440235552859,0.014097847620538,0.0221194868582034,-0.0365195060822437,-0.140100252363956,-0.249623734032112,-0.326039959270188,-0.338454156177948,-0.301605742425822,-0.246098586927649,-0.202552486761169,-0.191984874034032,-0.190024269455474,-0.158901226734943,-0.0608443451009211
"36",-0.293296550462888,-0.29817344897413,-0.28276303460941,-0.248643651224097,-0.197393891720635,-0.132299566674876,-0.0624301067982814,0.00192148893664007,0.0504665628513623,0.0772403860727008,0.0887160369838026,0.0935893364862234,0.100537647449662,0.11198105994451,0.115001039568511,0.0943717979373658,0.0349502745859962,-0.064973645067072,-0.178941219108363,-0.276946746087775,-0.329155569471511,-0.321697681033786,-0.26944272356564,-0.190266625307046,-0.102009800410204,-0.0203818177609611,0.0422105639176795,0.0736446986048969,0.0621381307725396,0.0100446588050848,-0.0613730800128108,-0.129532350595487,-0.172396122691731,-0.184477570482571,-0.179423643906866,-0.171947122658257,-0.176152942790477,-0.192165636639391,-0.206129332822997,-0.203580316319384,-0.170926156030272,-0.110215709854347,-0.0370271324563922,0.0326153241299134,0.0833021877523524,0.108429980578827,0.107978588902318,0.0820863283917234,0.0315142747619179,-0.0357369107377187,-0.106995866512965,-0.169513385963852,-0.211277357640234,-0.227322192364049,-0.216596588218498,-0.17809118088065,-0.112993993673534,-0.0399440235283118,0.0140978476323104,0.0221194868618134,-0.0365195060744551,-0.140100252342657,-0.249623733994373,-0.326039959219487,-0.338454156122972,-0.301605742373732,-0.246098586881741,-0.202552486720869,-0.191984873996085,-0.190024269419546,-0.158901226705277,-0.0608443450863384
"37",-0.293296550463379,-0.298173448999201,-0.282763034638207,-0.248643651244366,-0.19739389172872,-0.132299566673988,-0.0624301067926245,0.00192148894311077,0.0504665628549413,0.0772403860703606,0.0887160369744255,0.0935893364708217,0.100537647431376,0.111981059927589,0.115001039555835,0.0943717979300636,0.0349502745834536,-0.0649736450663404,-0.178941219104886,-0.276946746080897,-0.329155569459398,-0.321697681014491,-0.269442723539008,-0.190266625274912,-0.102009800376374,-0.0203818177298438,0.0422105639431875,0.0736446986235921,0.062138130784899,0.0100446588127032,-0.0613730800079724,-0.129532350591154,-0.172396122685334,-0.184477570471813,-0.179423643890376,-0.171947122635625,-0.176152942762237,-0.19216563660656,-0.206129332786612,-0.203580316280487,-0.170926155989924,-0.110215709813941,-0.0370271324179242,0.0326153241638342,0.0833021877786113,0.108429980595323,0.107978588909102,0.0820863283910242,0.0315142747579519,-0.0357369107409496,-0.106995866513096,-0.169513385960178,-0.211277357633623,-0.227322192356087,-0.216596588211017,-0.178091180875726,-0.112993993673296,-0.0399440235334536,0.0140978476232362,0.0221194868524022,-0.0365195060789633,-0.140100252338722,-0.249623733981519,-0.326039959200305,-0.3384541561025,-0.301605742355955,-0.246098586868381,-0.202552486711386,-0.191984873988268,-0.190024269412344,-0.158901226699629,-0.0608443450851751
"38",-0.293296550466001,-0.298173449008821,-0.282763034649034,-0.248643651252987,-0.197393891734101,-0.132299566676995,-0.0624301067944199,0.00192148894141101,0.0504665628522668,0.0772403860658853,0.0887160369681371,0.0935893364636239,0.100537647425086,0.111981059924342,0.115001039556609,0.0943717979344668,0.0349502745897244,-0.0649736450605561,-0.178941219100908,-0.276946746078803,-0.329155569458037,-0.321697681012178,-0.269442723534786,-0.190266625268683,-0.102009800368891,-0.0203818177222905,0.0422105639498605,0.0736446986287213,0.0621381307881089,0.0100446588139276,-0.0613730800084624,-0.129532350592748,-0.172396122687096,-0.184477570472891,-0.179423643890478,-0.171947122635048,-0.176152942761836,-0.192165636607179,-0.206129332788515,-0.203580316283325,-0.170926155992777,-0.110215709815962,-0.0370271324188987,0.0326153241634704,0.0833021877778228,0.108429980593211,0.107978588905454,0.0820863283863263,0.0315142747533176,-0.0357369107446391,-0.106995866515744,-0.169513385962482,-0.211277357636978,-0.227322192361674,-0.216596588219297,-0.178091180886431,-0.112993993685486,-0.039944023545939,0.014097847611691,0.0221194868430783,-0.0365195060848372,-0.140100252340617,-0.24962373397987,-0.326039959196512,-0.338454156098699,-0.301605742353751,-0.246098586868403,-0.202552486713285,-0.19198487399094,-0.19002426941496,-0.158901226701941,-0.0608443450875158
"39",-0.293296550468,-0.298173449010478,-0.28276303465078,-0.248643651255058,-0.197393891736532,-0.132299566679672,-0.0624301067972268,0.00192148893856063,0.050466562849429,0.0772403860631351,0.0887160369657114,0.0935893364619461,0.100537647424766,0.111981059925965,0.115001039560225,0.0943717979395088,0.0349502745950132,-0.0649736450564336,-0.178941219098805,-0.276946746078913,-0.329155569459896,-0.321697681014951,-0.269442723537776,-0.190266625271389,-0.102009800371006,-0.0203818177236937,0.0422105639491103,0.0736446986283875,0.0621381307877805,0.0100446588131672,-0.0613730800099206,-0.129532350594984,-0.172396122690011,-0.184477570476379,-0.179423643894628,-0.171947122640153,-0.176152942768383,-0.192165636615538,-0.206129332798628,-0.203580316294696,-0.170926156004491,-0.110215709827081,-0.0370271324288029,0.032615324155072,0.0833021877709046,0.108429980587611,0.107978588901007,0.082086328382869,0.0315142747506786,-0.0357369107467376,-0.10699586651775,-0.169513385965014,-0.211277357640785,-0.227322192367207,-0.216596588226479,-0.178091180894655,-0.112993993693686,-0.0399440235531928,0.0140978476058823,0.0221194868387867,-0.0365195060879236,-0.140100252342908,-0.249623733981756,-0.326039959198366,-0.338454156100858,-0.301605742356422,-0.246098586871635,-0.202552486716966,-0.19198487399481,-0.190024269418675,-0.158901226705086,-0.0608443450896102
"40",-0.293296550468876,-0.298173449009489,-0.282763034649569,-0.248643651254581,-0.197393891737063,-0.132299566680939,-0.0624301067988872,0.00192148893681819,0.0504665628478864,0.0772403860620369,0.0887160369652446,0.0935893364622371,0.10053764742588,0.111981059927879,0.115001039562764,0.0943717979423346,0.0349502745976261,-0.0649736450545812,-0.17894121909807,-0.276946746079431,-0.329155569461582,-0.321697681017557,-0.269442723540995,-0.190266625274864,-0.102009800374333,-0.020381817726511,0.0422105639469763,0.0736446986269132,0.0621381307867466,0.0100446588122653,-0.0613730800109459,-0.129532350596325,-0.172396122691799,-0.184477570478723,-0.179423643897666,-0.171947122644049,-0.176152942773328,-0.192165636621633,-0.206129332805776,-0.203580316302597,-0.17092615601265,-0.110215709834969,-0.0370271324359974,0.0326153241488846,0.0833021877659258,0.108429980583909,0.107978588898503,0.0820863283813332,0.0315142747497419,-0.035736910747479,-0.106995866518667,-0.169513385966445,-0.211277357643016,-0.227322192370341,-0.216596588230352,-0.178091180898839,-0.112993993697535,-0.0399440235562254,0.0140978476038008,0.0221194868374435,-0.0365195060890345,-0.140100252344222,-0.24962373398349,-0.326039959200517,-0.338454156103239,-0.301605742358859,-0.246098586874032,-0.202552486719307,-0.191984873997125,-0.190024269420874,-0.158901226706914,-0.0608443450906447
"41",-0.293296550469102,-0.298173449008372,-0.282763034648265,-0.248643651253768,-0.197393891736938,-0.132299566681316,-0.062430106799528,0.00192148893613616,0.0504665628473677,0.077240386061852,0.0887160369654799,0.0935893364628861,0.100537647426843,0.111981059928996,0.115001039563883,0.0943717979433288,0.0349502745983892,-0.064973645054135,-0.178941219098011,-0.276946746079816,-0.329155569462451,-0.321697681018915,-0.269442723542767,-0.190266625276893,-0.10200980037638,-0.0203818177283298,0.042210563945533,0.0736446986258804,0.0621381307860496,0.0100446588117667,-0.0613730800113829,-0.129532350596833,-0.172396122692502,-0.184477570479733,-0.179423643899064,-0.171947122645891,-0.176152942775639,-0.192165636624399,-0.206129332808935,-0.203580316306035,-0.170926156016205,-0.11021570983846,-0.0370271324392435,0.0326153241460575,0.0833021877636845,0.108429980582349,0.107978588897603,0.0820863283809537,0.0315142747496334,-0.0357369107475645,-0.106995866518905,-0.169513385966939,-0.211277357643795,-0.227322192371365,-0.216596588231514,-0.178091180899963,-0.112993993698397,-0.0399440235566933,0.0140978476036975,0.0221194868375139,-0.0365195060891107,-0.140100252344682,-0.249623733984401,-0.326039959201777,-0.338454156104607,-0.301605742360139,-0.246098586875134,-0.202552486720249,-0.191984873998001,-0.190024269421702,-0.158901226707594,-0.0608443450909574
"42",-0.293296550469066,-0.298173449007743,-0.282763034647544,-0.248643651253249,-0.197393891736709,-0.1322995666813,-0.0624301067996243,0.00192148893602295,0.0504665628473273,0.0772403860619571,0.088716036965754,0.0935893364632972,0.100537647427304,0.111981059929393,0.115001039564144,0.0943717979434343,0.0349502745983726,-0.0649736450542153,-0.178941219098129,-0.276946746079983,-0.32915556946272,-0.321697681019344,-0.269442723543371,-0.190266625277635,-0.102009800377172,-0.0203818177290663,0.0422105639449226,0.073644698625429,0.0621381307857516,0.0100446588115897,-0.0613730800114828,-0.12953235059691,-0.17239612269262,-0.184477570479951,-0.179423643899414,-0.171947122646377,-0.176152942776238,-0.192165636625082,-0.206129332809676,-0.203580316306817,-0.170926156017017,-0.110215709839283,-0.0370271324400388,0.0326153241453499,0.083302187763142,0.108429980582027,0.107978588897502,0.0820863283810209,0.0315142747497676,-0.0357369107474575,-0.106995866518875,-0.16951338596699,-0.211277357643892,-0.227322192371458,-0.216596588231559,-0.178091180899921,-0.112993993698237,-0.0399440235564181,0.0140978476040419,0.022119486837836,-0.0365195060889354,-0.140100252344734,-0.249623733984685,-0.326039959202221,-0.338454156105079,-0.301605742360536,-0.246098586875412,-0.202552486720425,-0.191984873998133,-0.190024269421823,-0.158901226707686,-0.0608443450909542
"43",-0.293296550468989,-0.298173449007524,-0.282763034647298,-0.248643651253045,-0.197393891736569,-0.132299566681206,-0.0624301067995541,0.00192148893609165,0.0504665628474161,0.0772403860620824,0.0887160369659134,0.0935893364634671,0.10053764742744,0.111981059929443,0.115001039564088,0.0943717979432865,0.0349502745981831,-0.0649736450543813,-0.178941219098234,-0.276946746080024,-0.329155569462726,-0.32169768101936,-0.269442723543424,-0.190266625277733,-0.102009800377304,-0.0203818177292078,0.0422105639447919,0.0736446986253255,0.062138130785688,0.0100446588115724,-0.0613730800114563,-0.129532350596851,-0.17239612269255,-0.184477570479888,-0.179423643899363,-0.171947122646329,-0.176152942776171,-0.192165636624973,-0.20612933280952,-0.203580316306628,-0.170926156016823,-0.110215709839113,-0.037027132439905,0.0326153241454539,0.083302187763238,0.108429980582135,0.107978588897629,0.0820863283811585,0.0315142747498943,-0.0357369107473567,-0.106995866518797,-0.169513385966914,-0.211277357643779,-0.227322192371279,-0.216596588231305,-0.178091180899605,-0.11299399369789,-0.0399440235560745,0.0140978476043502,0.0221194868380814,-0.0365195060887753,-0.140100252344666,-0.249623733984695,-0.326039959202276,-0.338454156105132,-0.30160574236055,-0.246098586875374,-0.202552486720342,-0.191984873998033,-0.190024269421725,-0.158901226707602,-0.060844345090881
"44",-0.293296550468938,-0.298173449007501,-0.282763034647276,-0.248643651253008,-0.197393891736512,-0.132299566681137,-0.062430106799477,0.00192148893617064,0.0504665628474926,0.0772403860621522,0.0887160369659694,0.093589336463499,0.100537647427434,0.111981059929388,0.115001039563984,0.0943717979431494,0.0349502745980432,-0.0649736450544884,-0.178941219098286,-0.276946746080016,-0.329155569462668,-0.321697681019272,-0.269442723543325,-0.190266625277637,-0.102009800377221,-0.0203818177291459,0.0422105639448325,0.07364469862535,0.0621381307857074,0.0100446588115993,-0.0613730800114135,-0.129532350596789,-0.172396122692469,-0.184477570479789,-0.179423643899242,-0.171947122646179,-0.176152942775978,-0.19216563662473,-0.206129332809228,-0.203580316306301,-0.170926156016487,-0.110215709838792,-0.0370271324396168,0.0326153241456992,0.0833021877634388,0.108429980582294,0.10797858889775,0.0820863283812482,0.0315142747499602,-0.0357369107473043,-0.106995866518745,-0.169513385966844,-0.211277357643674,-0.227322192371127,-0.216596588231111,-0.178091180899385,-0.112993993697674,-0.0399440235558878,0.0140978476044958,0.0221194868381867,-0.036519506088698,-0.140100252344603,-0.249623733984636,-0.326039959202213,-0.33845415610506,-0.301605742360467,-0.246098586875279,-0.202552486720239,-0.191984873997926,-0.190024269421623,-0.158901226707515,-0.0608443450908256
"45",-0.293296550468917,-0.298173449007534,-0.282763034647316,-0.248643651253027,-0.197393891736503,-0.132299566681106,-0.0624301067994352,0.0019214889362146,0.0504665628475305,0.077240386062177,0.0887160369659761,0.0935893364634852,0.1005376474274,0.111981059929335,0.115001039563918,0.0943717979430791,0.0349502745979801,-0.064973645054532,-0.178941219098302,-0.276946746080001,-0.329155569462623,-0.321697681019202,-0.269442723543237,-0.190266625277541,-0.102009800377128,-0.0203818177290662,0.0422105639448938,0.0736446986253929,0.0621381307857374,0.0100446588116242,-0.0613730800113867,-0.129532350596754,-0.172396122692423,-0.184477570479728,-0.179423643899163,-0.171947122646076,-0.176152942775849,-0.192165636624571,-0.206129332809043,-0.203580316306097,-0.170926156016276,-0.110215709838588,-0.0370271324394296,0.0326153241458607,0.0833021877635684,0.108429980582389,0.107978588897813,0.0820863283812847,0.0315142747499811,-0.0357369107472877,-0.106995866518723,-0.169513385966809,-0.211277357643618,-0.227322192371051,-0.216596588231018,-0.178091180899286,-0.112993993697585,-0.0399440235558206,0.0140978476045392,0.022119486838213,-0.0365195060886745,-0.140100252344571,-0.24962373398459,-0.326039959202154,-0.338454156104994,-0.301605742360401,-0.246098586875217,-0.202552486720179,-0.191984873997867,-0.190024269421567,-0.158901226707469,-0.0608443450908005
"46",-0.293296550468913,-0.298173449007564,-0.282763034647352,-0.24864365125305,-0.197393891736508,-0.132299566681098,-0.0624301067994209,0.00192148893622998,0.0504665628475417,0.0772403860621795,0.088716036965968,0.0935893364634668,0.100537647427374,0.111981059929307,0.115001039563892,0.0943717979430571,0.0349502745979643,-0.0649736450545405,-0.178941219098302,-0.276946746079991,-0.329155569462602,-0.321697681019169,-0.269442723543194,-0.190266625277491,-0.102009800377077,-0.0203818177290198,0.042210563944931,0.0736446986254198,0.0621381307857555,0.0100446588116368,-0.0613730800113763,-0.129532350596743,-0.172396122692407,-0.184477570479704,-0.179423643899129,-0.171947122646032,-0.176152942775794,-0.192165636624505,-0.206129332808969,-0.203580316306016,-0.170926156016192,-0.110215709838505,-0.0370271324393528,0.0326153241459278,0.0833021877636213,0.108429980582425,0.107978588897833,0.0820863283812919,0.0315142747499819,-0.035736910747287,-0.106995866518718,-0.169513385966798,-0.211277357643601,-0.227322192371028,-0.216596588230993,-0.178091180899263,-0.112993993697569,-0.0399440235558143,0.0140978476045371,0.0221194868382076,-0.0365195060886752,-0.140100252344561,-0.249623733984567,-0.326039959202123,-0.338454156104961,-0.30160574236037,-0.246098586875191,-0.202552486720158,-0.191984873997848,-0.190024269421549,-0.158901226707454,-0.0608443450907941
"47",-0.293296550468914,-0.29817344900758,-0.282763034647369,-0.248643651253063,-0.197393891736514,-0.1322995666811,-0.0624301067994197,0.00192148893623152,0.0504665628475415,0.0772403860621759,0.0887160369659604,0.0935893364634563,0.100537647427363,0.111981059929298,0.115001039563887,0.0943717979430565,0.0349502745979668,-0.0649736450545369,-0.178941219098298,-0.276946746079987,-0.329155569462596,-0.32169768101916,-0.26944272354318,-0.190266625277474,-0.102009800377059,-0.0203818177290028,0.0422105639449453,0.0736446986254305,0.0621381307857626,0.0100446588116408,-0.0613730800113744,-0.129532350596742,-0.172396122692405,-0.1844775704797,-0.179423643899122,-0.171947122646022,-0.176152942775782,-0.192165636624492,-0.206129332808955,-0.203580316306002,-0.170926156016178,-0.11021570983849,-0.0370271324393377,0.0326153241459414,0.0833021877636316,0.108429980582431,0.107978588897834,0.0820863283812889,0.0315142747499777,-0.0357369107472904,-0.10699586651872,-0.169513385966798,-0.2112773576436,-0.227322192371029,-0.216596588230995,-0.178091180899268,-0.112993993697577,-0.0399440235558242,0.0140978476045262,0.0221194868381978,-0.0365195060886809,-0.14010025234456,-0.249623733984562,-0.326039959202113,-0.33845415610495,-0.301605742360362,-0.246098586875185,-0.202552486720155,-0.191984873997846,-0.190024269421547,-0.158901226707453,-0.060844345090795
"48",-0.293296550468916,-0.298173449007585,-0.282763034647375,-0.248643651253068,-0.197393891736518,-0.132299566681102,-0.0624301067994221,0.00192148893622917,0.0504665628475387,0.0772403860621724,0.0887160369659564,0.0935893364634523,0.10053764742736,0.111981059929298,0.115001039563889,0.0943717979430612,0.0349502745979723,-0.0649736450545323,-0.178941219098296,-0.276946746079986,-0.329155569462596,-0.321697681019161,-0.26944272354318,-0.190266625277473,-0.102009800377057,-0.0203818177290006,0.0422105639449475,0.0736446986254324,0.0621381307857637,0.0100446588116409,-0.0613730800113754,-0.129532350596744,-0.172396122692408,-0.184477570479703,-0.179423643899125,-0.171947122646025,-0.176152942775785,-0.192165636624497,-0.206129332808961,-0.20358031630601,-0.170926156016185,-0.110215709838497,-0.0370271324393438,0.0326153241459364,0.0833021877636273,0.108429980582427,0.10797858889783,0.082086328381285,0.0315142747499743,-0.0357369107472931,-0.106995866518722,-0.1695133859668,-0.211277357643604,-0.227322192371034,-0.216596588231003,-0.178091180899277,-0.112993993697587,-0.0399440235558335,0.0140978476045181,0.0221194868381915,-0.0365195060886851,-0.140100252344563,-0.249623733984562,-0.326039959202112,-0.33845415610495,-0.301605742360362,-0.246098586875187,-0.202552486720158,-0.191984873997849,-0.190024269421551,-0.158901226707456,-0.0608443450907971
"49",-0.293296550468918,-0.298173449007585,-0.282763034647375,-0.248643651253069,-0.197393891736519,-0.132299566681104,-0.0624301067994241,0.00192148893622703,0.0504665628475367,0.0772403860621707,0.0887160369659552,0.0935893364634518,0.100537647427361,0.111981059929299,0.115001039563892,0.0943717979430648,0.0349502745979759,-0.0649736450545295,-0.178941219098294,-0.276946746079986,-0.329155569462598,-0.321697681019163,-0.269442723543183,-0.190266625277476,-0.10200980037706,-0.0203818177290028,0.042210563944946,0.0736446986254314,0.0621381307857629,0.01004465881164,-0.0613730800113767,-0.129532350596745,-0.17239612269241,-0.184477570479706,-0.179423643899128,-0.171947122646029,-0.176152942775791,-0.192165636624504,-0.20612933280897,-0.203580316306019,-0.170926156016195,-0.110215709838506,-0.0370271324393519,0.0326153241459295,0.0833021877636216,0.108429980582423,0.107978588897826,0.0820863283812827,0.0315142747499727,-0.0357369107472944,-0.106995866518723,-0.169513385966802,-0.211277357643607,-0.227322192371038,-0.216596588231008,-0.178091180899283,-0.112993993697592,-0.0399440235558382,0.0140978476045145,0.022119486838189,-0.036519506088687,-0.140100252344564,-0.249623733984564,-0.326039959202114,-0.338454156104952,-0.301605742360365,-0.24609858687519,-0.202552486720161,-0.191984873997852,-0.190024269421553,-0.158901226707458,-0.0608443450907986
"50",-0.293296550468918,-0.298173449007584,-0.282763034647374,-0.248643651253068,-0.197393891736519,-0.132299566681105,-0.0624301067994252,0.00192148893622594,0.0504665628475358,0.0772403860621702,0.0887160369659551,0.0935893364634523,0.100537647427362,0.111981059929301,0.115001039563894,0.0943717979430665,0.0349502745979774,-0.0649736450545285,-0.178941219098294,-0.276946746079987,-0.329155569462599,-0.321697681019165,-0.269442723543186,-0.190266625277479,-0.102009800377062,-0.020381817729005,0.0422105639449443,0.0736446986254301,0.0621381307857621,0.0100446588116393,-0.0613730800113773,-0.129532350596746,-0.172396122692411,-0.184477570479707,-0.17942364389913,-0.171947122646032,-0.176152942775794,-0.192165636624508,-0.206129332808974,-0.203580316306024,-0.1709261560162,-0.110215709838512,-0.0370271324393567,0.0326153241459253,0.0833021877636183,0.10842998058242,0.107978588897825,0.0820863283812819,0.0315142747499723,-0.0357369107472947,-0.106995866518724,-0.169513385966803,-0.211277357643608,-0.22732219237104,-0.21659658823101,-0.178091180899285,-0.112993993697594,-0.0399440235558397,0.0140978476045136,0.0221194868381885,-0.0365195060886875,-0.140100252344565,-0.249623733984565,-0.326039959202116,-0.338454156104954,-0.301605742360366,-0.246098586875191,-0.202552486720162,-0.191984873997854,-0.190024269421555,-0.158901226707459,-0.0608443450907992
