"1","2","3","4","5","6","7","8","9","10","11","12","13","14","15","16","17","18","19","20","21","22","23","24","25","26","27","28","29","30","31","32","33","34","35","36","37","38","39","40","41","42","43","44","45","46","47","48","49","50","51","52","53","54","55","56","57","58","59","60","61","62","63","64","65","66","67","68","69","70","71","72"
"2143",-0.726966233024177,-0.787033574495647,-0.816897316505784,-0.86104427554355,-0.798509494766885,-0.673644673203685,-0.403898124632741,-0.358226022001725,-0.401241359922841,-0.41435810865004,-0.332060425081553,-0.25622102358564,-0.157380114274953,-0.118227209214167,-0.0618844581760776,0.0338398786956093,0.142727225252615,0.183761481126433,0.11704892467931,-0.0656108792246463,-0.213698822820443,-0.354319950506414,-0.480794935619106,-0.495815883742083,-1.07363991633896,-1.00099077690931,-0.963771491446459,-0.92298715911716,-0.912345054215486,-0.940792824379021,-1.0347796438127,-1.01597395578764,-0.905072388016536,-0.753710548069311,-0.658124275756881,-0.558801279036823,-0.487282557649079,-0.430872785882563,-0.410904318642117,-0.481748204899465,-0.597679930549538,-0.719393875807105,-0.791522065130121,-0.823023405891722,-0.851189076176896,-0.861547335059163,-0.852700317099584,-0.866102294331329,-0.688022079773414,-0.660808850036447,-0.675483879666055,-0.687187517533262,-0.657873587617623,-0.672903466984367,-0.684408437279245,-0.664998752078221,-0.598214167134388,-0.512906321923766,-0.231124765973097,-0.0294224432943949,0.168125271680417,0.124941125947994,0.0858546465682254,0.0103790580154568,-0.104299891858884,-0.240013674434071,-0.327936015024347,-0.399440914542394,-0.470241995965843,-0.554654660544599,-0.556997416009746,-0.572450051003728
"2144",-0.581312726403161,-0.654197914961431,-0.680864193686297,-0.704169854053305,-0.617776695533506,-0.46191123125806,-0.266909489881545,-0.224060342737658,-0.236871208356492,-0.23593228226797,-0.158661286579526,-0.114553400563513,-0.0667076729655035,-0.058035274167005,-0.015179637086949,0.0531993187252796,0.160082331047994,0.219037468225525,0.202515319722506,0.0997104682060716,-0.00372375140694498,-0.142630122571126,-0.283955993713905,-0.331918864160489,-0.873392936324857,-0.824541225839888,-0.80554160922343,-0.790545085743818,-0.820201802261103,-0.875819295033542,-0.930595607779289,-0.89083803108211,-0.769061879264484,-0.605869460382826,-0.48956909722077,-0.361195498736677,-0.249768490195799,-0.166008925861017,-0.133478706181891,-0.182053209562448,-0.297842178829159,-0.433329688035838,-0.546851091858446,-0.639491638333746,-0.708521950712136,-0.735543946979762,-0.735933289324774,-0.749311821085566,-0.545172017557837,-0.529962193123253,-0.535431689986798,-0.535656082283521,-0.512802304973529,-0.518911158707988,-0.493761672786339,-0.413398486384996,-0.274203694143364,-0.171686845891305,0.0476838375197008,0.194932570602091,0.352815682204339,0.276944501744699,0.210836354475313,0.1233977053813,0.0149756594636247,-0.107934535946593,-0.173173684131791,-0.242806091727477,-0.32043094434104,-0.402529556459297,-0.424063055742783,-0.447052724449625
"2145",-0.429462847757676,-0.523653980265507,-0.556012588226054,-0.572521112368943,-0.476316034138481,-0.310509585767361,-0.157944529966493,-0.120976822656281,-0.126671258774994,-0.127066285134004,-0.0678799548721095,-0.0494814888122558,-0.0356991255461137,-0.0385473527892862,-0.00241690861905748,0.0540748355633849,0.16233259329651,0.231863624458685,0.244086902138215,0.186180944155862,0.11155192109068,-0.0133603073550797,-0.160806155488798,-0.228736837915399,-0.751481138719071,-0.710935125086144,-0.699840648409022,-0.697334399926742,-0.746122087931105,-0.812022017473806,-0.843068646294514,-0.785767266181685,-0.649350818860801,-0.476457656120107,-0.340926225911649,-0.194970600613685,-0.0584046636225075,0.0391433431723898,0.0781854634704889,0.0419735661655942,-0.0716158600611645,-0.211728388958955,-0.347846225108202,-0.473235899657348,-0.571137668190535,-0.617080795816753,-0.625290530005965,-0.639967181463009,-0.449002896681462,-0.444587732812825,-0.447113723624864,-0.440973832039824,-0.41555538398742,-0.410586242693852,-0.363910433835316,-0.246844688433904,-0.0836620574957027,0.0414501174258787,0.194306425722712,0.305141615179458,0.434202227987271,0.349125370087905,0.272911948313419,0.186845144171874,0.0829390057012651,-0.0257256981747534,-0.0860546561248991,-0.154171457771006,-0.233619638472669,-0.312319838228947,-0.346125842311833,-0.371124299415247
"2146",-0.335409218044165,-0.44229836150996,-0.478312402335943,-0.488365678808001,-0.386356350340174,-0.212563725335928,-0.0851205532606859,-0.0505881705711562,-0.0519446130682856,-0.0570687588154837,-0.0141599557078352,-0.0161525924526453,-0.0283250575442727,-0.0387942938998428,-0.00716887950574145,0.0418815686798281,0.152217868331738,0.229192358968407,0.260166493269504,0.232228608954988,0.178575818733985,0.0647840885083042,-0.0845137894429456,-0.165160483267796,-0.642070009406063,-0.608045484965772,-0.602678542111688,-0.609831229579578,-0.671790499850047,-0.745567312724608,-0.762901161522997,-0.695084048844875,-0.549958328538339,-0.370328816236009,-0.221874638054677,-0.0645940315427304,0.0886492494452151,0.194494362876196,0.23735895172558,0.209862775287156,0.0980398975483385,-0.0449417780221729,-0.195605299149607,-0.342507885300803,-0.460582364485029,-0.52030097245626,-0.534456357461085,-0.549890431571698,-0.387421081652501,-0.38935514003488,-0.389155073257099,-0.379030911796395,-0.351538359060104,-0.339613388848747,-0.278186237650256,-0.136935696697143,0.038479600628409,0.175450807354676,0.274284051616002,0.356939551785805,0.460531832972384,0.373711227147528,0.294434687557841,0.212322117740996,0.114616849470845,0.0179788012676457,-0.0374113653885905,-0.103044267939943,-0.18216836019328,-0.256338358972136,-0.298233633029517,-0.323761421582351
"2147",-0.275826529704332,-0.390635206717206,-0.429320886997784,-0.43451335929435,-0.328534111440757,-0.14869998909398,-0.0355959068775043,-0.00205590962564341,-0.00141669742296931,-0.0117250856675154,0.0176553356899734,0.000111394984290627,-0.0311747121311156,-0.0469324375504461,-0.0184143305077866,0.0262370004777075,0.138987291961453,0.221389642407089,0.264780407522989,0.256926946177698,0.216992367376655,0.111426616805803,-0.038057251369001,-0.126579417623283,-0.552172879046887,-0.522999627367225,-0.521507197630881,-0.53548073219092,-0.606398630491909,-0.685967327288127,-0.695710020746125,-0.621388527489933,-0.470302735461518,-0.286135702374487,-0.128816319613541,0.0355864553740802,0.199825582437242,0.310666131891609,0.355823207799015,0.334256576537721,0.22367458726292,0.0789585508445869,-0.0810194123271736,-0.242210806115793,-0.373919579354578,-0.443466940022259,-0.461941328242337,-0.477952438978153,-0.348218863386305,-0.353952989610451,-0.351874214040104,-0.33923848651925,-0.310222495855963,-0.294143473953891,-0.223233164951175,-0.0666149962947006,0.114540807833625,0.257564574754005,0.31661401886173,0.378305379567949,0.461596580880022,0.376698355120022,0.297776685273446,0.220358188077382,0.128211418260777,0.0413075891361389,-0.0109903894202949,-0.0741137931121044,-0.152157320816981,-0.222356740231772,-0.269433722229401,-0.294932228486124
"2148",-0.238511926460454,-0.358130999340393,-0.398667641454117,-0.40021035346816,-0.291290283324946,-0.106767289879863,-0.00161417265400486,0.0316901105127562,0.033081818301745,0.0180686880817455,0.036808309673614,0.00767915135936773,-0.0375044956405648,-0.0569997474447439,-0.030620051445055,0.0114272271009372,0.126476914247876,0.21282310999228,0.264398577830232,0.269979152392255,0.238779421688555,0.139112645087164,-0.00980734770441013,-0.103209622407472,-0.480396502454219,-0.454875890143186,-0.456039442711276,-0.474843330409724,-0.55198619802219,-0.635898505913717,-0.641674282439842,-0.563404718633431,-0.408266277731208,-0.221097682792426,-0.0577452013960223,0.111082341258696,0.282552694725363,0.396373911401708,0.442874389186806,0.425347059228236,0.315588000171011,0.169810769328167,0.00388075581109298,-0.166820153288059,-0.30760315741936,-0.384025437911667,-0.405589763447665,-0.422008471105824,-0.323177654847573,-0.331138418786393,-0.327780726923215,-0.313549006990508,-0.28351499636706,-0.265026680321878,-0.188100300743209,-0.0218734999867321,0.161637464019317,0.307529529681347,0.338037800734665,0.384428117658905,0.452205722655311,0.370567993525033,0.293365563654407,0.220326390617439,0.132702771215009,0.0533867071068515,0.0028720038677175,-0.0580471253894804,-0.134844512712387,-0.201814189526663,-0.25219331372395,-0.2774376420584
"2149",-0.215055465330261,-0.337578503125761,-0.379385139278596,-0.378222716607231,-0.267087842474871,-0.0789490160121049,0.0219929768730839,0.05542526391905,0.0569117212016855,0.0379406467135705,0.0485437971999902,0.0109138405307705,-0.0442707920130573,-0.0663966128698337,-0.0414705916371062,-0.000941324117264497,0.116110881249432,0.205302433486011,0.262224585031644,0.276723906737165,0.250960499178785,0.155481284915122,0.00740718828228776,-0.0890166241754837,-0.424561268333041,-0.40175876555387,-0.404740971851361,-0.426952525301031,-0.508439273898903,-0.595597580357208,-0.599492165082737,-0.518873095994037,-0.360984367960964,-0.171850906335448,-0.00440009709649206,0.167139025758721,0.343346957696262,0.458904818760802,0.506159628023551,0.491376330203876,0.382141553288198,0.235719906010111,0.0660154894221991,-0.110976580703516,-0.257722131407391,-0.338901071723862,-0.362654005024982,-0.37934615769132,-0.307132261674825,-0.316376739103853,-0.312163232018568,-0.296914815153946,-0.266225138067384,-0.246365973229439,-0.165670603741441,0.00646374705710405,0.190556754636014,0.337665798776015,0.347953969282672,0.383330954716621,0.439571462702555,0.361416270382375,0.286298904404321,0.216969799345409,0.132834876696894,0.0592902193837982,0.00969184507607976,-0.0494250766396286,-0.125053519868313,-0.189495442382738,-0.24196797112317,-0.266883684455608
"2150",-0.200204990731971,-0.324473574510327,-0.367149443438988,-0.363996331845053,-0.251207719019851,-0.0603076741882991,0.0385713898372973,0.0722906378202012,0.0735606190655221,0.0513926994274334,0.0558859668902097,0.012082480194936,-0.0502459875691492,-0.0742101193543487,-0.0502587909166874,-0.0105931588877403,0.108115300974591,0.199346235579931,0.259724459575371,0.280092818858576,0.257643453089872,0.165119748439201,0.0179386214772004,-0.0803522717543591,-0.381968463533647,-0.36116391714374,-0.365388157830388,-0.389998210425729,-0.474513886097722,-0.564082738121758,-0.567256271095461,-0.485281231712131,-0.325540830779876,-0.135131431297059,0.0350983363273377,0.208273198525364,0.38757144973652,0.504103558679674,0.551753198034672,0.53882955622538,0.429915114330131,0.283105252382517,0.111030706446,-0.0700890126174309,-0.220706274068849,-0.305146280816744,-0.330437638146479,-0.3473032383596,-0.296837619727941,-0.306804983760429,-0.302022857053023,-0.286126835226209,-0.255027400819781,-0.234407063658855,-0.15137625038052,0.0243252139330622,0.208130847619766,0.355625740400284,0.35168493798082,0.379208431829992,0.427015750509655,0.35205839265376,0.27893497632252,0.212588036256769,0.131063271301007,0.0618311511949101,0.0126304184762816,-0.045071615780392,-0.119694337727301,-0.182198888151745,-0.235990944354575,-0.260575704166785
"2151",-0.190715523488411,-0.316030227825888,-0.359302641193417,-0.354692894024776,-0.240689842810232,-0.0477034674505615,0.0503150724210589,0.0843715436415929,0.0853053736346409,0.0606203711325946,0.0605826694183055,0.0123297593428336,-0.0550718771059212,-0.0803105307658344,-0.0570033467148641,-0.0178096571478352,0.102224390808313,0.194908778713898,0.257493817667076,0.281685353042797,0.261208664865527,0.170762621706387,0.0244093427642124,-0.0750300317971755,-0.349968235422774,-0.330615157531628,-0.335683869801841,-0.361977999178349,-0.448597812202501,-0.539943670725494,-0.543010422445785,-0.460288773223046,-0.299313930061472,-0.108082182094526,0.0640283629228123,0.238169894075639,0.419472990006385,0.536518800694459,0.584349660735437,0.572682721038219,0.463954045377198,0.316912748227109,0.143368866840827,-0.0404315456406135,-0.193531598896893,-0.280188950524137,-0.306554730121509,-0.323523538270111,-0.290238086590161,-0.300598289223941,-0.295440028578281,-0.279132590076258,-0.247784624427904,-0.226756850805662,-0.142296780705622,0.0355103924036286,0.21865643065536,0.366141399304881,0.352230926666089,0.374192473756227,0.415908748636323,0.343676431661996,0.27227664567393,0.208250443951904,0.128640561960563,0.0625881531038737,0.0134967184265081,-0.0431227497386375,-0.116919588011889,-0.177959194527411,-0.232576635949109,-0.25686096724544
"2152",-0.184592191879876,-0.31053161100906,-0.354215246437505,-0.348544705250463,-0.23366543290208,-0.039118049720751,0.0586865271681608,0.0930744604641199,0.0936523817499501,0.0670202781200986,0.0636537496892551,0.0122133146815231,-0.0587732665007977,-0.0848885858606096,-0.0620005642346987,-0.0230475610297673,0.0980235897370813,0.191738684952239,0.255712301401073,0.282365206294816,0.263026594145652,0.174036289762856,0.0284000234407655,-0.0717402640403729,-0.326213506153529,-0.307904012149305,-0.313543748047148,-0.341017286726874,-0.429091348111073,-0.521737872529357,-0.524997133551657,-0.441895590046541,-0.280107103531104,-0.088349706432719,0.0850307707072746,0.259727294024826,0.442322077176096,0.559609563559774,0.607499499503322,0.596678921135,0.488050060717804,0.340872771565145,0.166433397174307,-0.0190868567607764,-0.173756426373198,-0.261909497790338,-0.289021298642367,-0.306046354916422,-0.286020204641727,-0.296581682231342,-0.291175438104542,-0.274607994622188,-0.24311462536459,-0.221881726133834,-0.13656072092957,0.042451229516212,0.224830336469721,0.372136774714335,0.351263940307563,0.369307951512155,0.4066638269976,0.336653210987626,0.266663258878312,0.204404160852908,0.126179996400286,0.0624477320170179,0.0133186294529471,-0.0424870432804899,-0.115625116770005,-0.175567686141132,-0.230696035854744,-0.254722849766925
"2153",-0.180604043373579,-0.306914457798129,-0.350882864762319,-0.344443089283501,-0.228941934784871,-0.0332366759288498,0.0646788261313764,0.0993658197246991,0.0996155453816106,0.0714970376400573,0.0657029091357368,0.0119905687086378,-0.0615181350772477,-0.0882317563199509,-0.0656118396522374,-0.0267660231349403,0.09510309478266,0.189545794916199,0.254377267380465,0.282592824055066,0.263881534059601,0.175908081631905,0.0308672958136299,-0.0696955440737864,-0.308749893921115,-0.29118397766805,-0.297207421646161,-0.325504651926859,-0.41457801614652,-0.508170326885589,-0.511744784764387,-0.42847806748094,-0.26616016186955,-0.0740700779712835,0.100165380200669,0.275166950815374,0.458586673379198,0.575960484780281,0.623843645316028,0.613590778483825,0.505008759118975,0.357753226902798,0.18278066372354,-0.00382677582130417,-0.159471458377107,-0.248625394968316,-0.276252379343704,-0.293303751680404,-0.283338974750655,-0.293992791785606,-0.288423596481797,-0.271693165214299,-0.240118871999677,-0.218794153566913,-0.132965664606239,0.0467039393308079,0.228341564562562,0.375416037875981,0.349695170639848,0.364992869173394,0.399249258665655,0.330998065354321,0.262122184034679,0.201187774652967,0.123956198915683,0.0619026719310802,0.0126708782934994,-0.0425308831285758,-0.115153929686536,-0.174281177584894,-0.229721245888639,-0.253535277758516
"2154",-0.177985197259117,-0.304513955704683,-0.348680335427871,-0.34168495952807,-0.225748921902396,-0.0291912821279556,0.0689780705879045,0.103921494781528,0.103889432048673,0.07464800608735,0.0670943777906537,0.0117700502356797,-0.063505728355691,-0.090624494260294,-0.0681726468574611,-0.0293596533686,0.0931155885613356,0.188069740992487,0.253418697134253,0.282609487873561,0.2642192138481,0.176953872865522,0.0323936751434364,-0.0684192903486315,-0.296013763342522,-0.278973494590117,-0.285252982686676,-0.314123769067009,-0.403879625573034,-0.498155600650193,-0.50207307706307,-0.418761878153449,-0.256104559381091,-0.0638065210696369,0.111002488362201,0.28616006242765,0.470100776042987,0.587476752757786,0.635321098566586,0.625447231828117,0.51688081569081,0.369581685552405,0.194302014794886,0.00701984979901765,-0.149217386776316,-0.239035424462759,-0.267016305727398,-0.284075904100491,-0.281648183171916,-0.292334316715698,-0.28665846852014,-0.269827042530037,-0.238211152695741,-0.216856031717338,-0.130737602279908,0.0492638437950761,0.230244532211046,0.37708889777153,0.348001905204881,0.361382654274472,0.393448910738903,0.326562715148517,0.258546821760267,0.19859381128276,0.122067492619854,0.06122010000334,0.0118655345279427,-0.042892492349979,-0.115118838817376,-0.173643961107955,-0.229270438130136,-0.252913121800316
"2155",-0.17625390195133,-0.302909338031747,-0.347213744138557,-0.339818584619155,-0.223582473389598,-0.0264014850037964,0.0720652985456837,0.107221213291963,0.106957486339238,0.0768750150598144,0.0680528975767558,0.0115895812691492,-0.0649193298672383,-0.09231026188583,-0.069961189220984,-0.0311419648212564,0.0917889600895654,0.187101156699698,0.252752232578606,0.282538529468719,0.264290494168807,0.177516707045805,0.0333363495144178,-0.0676207024595737,-0.286788152383641,-0.27011687237044,-0.276565892788021,-0.305834796064115,-0.396053805578113,-0.490821322446967,-0.495062201971112,-0.411770059630229,-0.248898930815266,-0.0564729866255379,0.118719116963755,0.293946054669551,0.478211102604925,0.595547634295452,0.643340762556016,0.633718513885108,0.525150390068308,0.377828188011271,0.202380312402027,0.0146892303369139,-0.141897525163112,-0.232152189694207,-0.260374894053086,-0.277432520638976,-0.280593802526783,-0.291280843921324,-0.285535538783692,-0.268642528984308,-0.237008301932152,-0.21565430409868,-0.129377981123524,0.0507665225846791,0.231194101379847,0.377833969783353,0.346416730755512,0.358464956714506,0.388991736844315,0.323148432485095,0.255785280046366,0.196552621409655,0.120524028750152,0.0605379873090282,0.0110635160212238,-0.0433710560038184,-0.115295391751908,-0.173378290285244,-0.229113093545929,-0.252620426768827
"2156",-0.175103464824647,-0.301830766468272,-0.346231577611669,-0.338549801357915,-0.222109180813083,-0.0244749957758768,0.0742816659113222,0.109609348746773,0.10916062939418,0.078452833435088,0.0687205602488282,0.0114556494041633,-0.0659103963695896,-0.0934826416363736,-0.0711943994327534,-0.0323505434472479,0.0909200549004765,0.18648189785474,0.252301088832699,0.282440594321162,0.264234476334163,0.177800780994815,0.0339158581334396,-0.0671207978714751,-0.280144625949716,-0.263730717923778,-0.270291011860568,-0.299835324572093,-0.390366542874969,-0.485485740257358,-0.490009817624786,-0.406766377587417,-0.243763450624251,-0.0512605143058202,0.124186155545965,0.29943396715984,0.483897154491824,0.601177310029478,0.648917666692003,0.639461388874638,0.530882895440756,0.383549557236217,0.208017044514019,0.0200859958158752,-0.136698301544884,-0.22723710238651,-0.255624157004835,-0.272674662452748,-0.279946209402498,-0.290619189640022,-0.284828938482083,-0.267899206596846,-0.236259826735575,-0.214921575242473,-0.128565981333102,0.051616551160322,0.231593764454555,0.378062364105467,0.345037093224188,0.356162826883317,0.385612684164697,0.320556722976754,0.25368272126659,0.194974806774453,0.119295410323107,0.0599212092377335,0.0103400774271266,-0.0438602771586994,-0.115556875511656,-0.173316605324599,-0.229111717730384,-0.252513736922898
"2157",-0.174336290289216,-0.301102935362764,-0.345571134704506,-0.33768460502445,-0.221106243040001,-0.0231442923057521,0.0758711341690712,0.111335055729621,0.110741664555756,0.0795719037817219,0.0691894301109588,0.0113625440724071,-0.0665969181590776,-0.0942888707658562,-0.0720350067166654,-0.0331598212472074,0.0903621461768761,0.186097360024099,0.252003060949814,0.282343589468114,0.264126490810566,0.177927266985193,0.0342692065735277,-0.0668084883101613,-0.275385413029088,-0.25914996046044,-0.265782561990255,-0.295516713888845,-0.386256900186344,-0.481626573471651,-0.486387690790139,-0.4032032066947,-0.240121290646545,-0.0475733781430597,0.128041426035817,0.30328457411183,0.487865762363452,0.60508628976524,0.652777840015211,0.643430211711073,0.534837857066865,0.387500128978742,0.211931801444036,0.0238663703490791,-0.133022315559153,-0.223743841684922,-0.252241963719541,-0.269283285595686,-0.279556650937044,-0.290209784293582,-0.284390682536644,-0.267439743065519,-0.235802210586852,-0.214485046786124,-0.128095720287172,0.0520701292140379,0.231689239436537,0.378019596642922,0.343888460186167,0.35437819854784,0.383078137547465,0.318610892682358,0.25209978231342,0.193771677903091,0.11833596145326,0.0593942554990648,0.00972321520662801,-0.0443085077180447,-0.115834755819088,-0.173359404103167,-0.229185829616323,-0.252506903317399
"2158",-0.17382365398772,-0.300610590702441,-0.345125891668358,-0.337093601093597,-0.220423551689839,-0.022225680660803,0.0770091161055189,0.11257947402829,0.11187471102386,0.0803656138824128,0.0695205447126414,0.0113011708627514,-0.0670674598584145,-0.0948376637991898,-0.0726018657581987,-0.0336949567276952,0.0900118613212632,0.185866989004584,0.251810922988316,0.28225876335919,0.264005774892499,0.177967598126792,0.0344819180222289,-0.0666143062184513,-0.271992177030667,-0.255879760868225,-0.262558802424403,-0.292423309724252,-0.383302292109551,-0.478849602533598,-0.483803150360245,-0.400677376585499,-0.237549927889597,-0.0449768768751501,0.130748183366018,0.305974629642589,0.49062360061403,0.607788283237305,0.655437373906935,0.646160236800429,0.537553463923864,0.390214991490009,0.214638163007065,0.0265029298392467,-0.130434540049513,-0.221271931788756,-0.249844661543787,-0.26687652014561,-0.279329064778222,-0.289961467944523,-0.284124035924481,-0.267161428129708,-0.23552904760598,-0.214233456434529,-0.127835700156752,0.0522882600592738,0.23162765603572,0.377849196091061,0.342960348058071,0.353013475002186,0.381193521668914,0.317162959763081,0.250918872884466,0.192864146797312,0.11759762323642,0.058960254508323,0.00921602896178858,-0.0446948972544746,-0.116094608901476,-0.173448987527653,-0.229289658101318,-0.252549149239205
"2159",-0.173480884089274,-0.30027717425972,-0.344825370778738,-0.336689673521787,-0.219959332662605,-0.021592398750668,0.0778221354157919,0.113474620106345,0.112685174504462,0.0809281064212042,0.0697551981847292,0.0112627521049434,-0.0673868187547041,-0.0952075986329244,-0.0729800941921246,-0.0340441756040488,0.089797816788106,0.185735540805955,0.251690305439245,0.282189232915554,0.263891407501465,0.177963402408437,0.0346075442772752,-0.0664945432718097,-0.269583455169692,-0.253555396117588,-0.260263848212198,-0.290217499799923,-0.381187891551723,-0.476860671558572,-0.481967008687765,-0.398894533577198,-0.235742333065163,-0.0431561977523695,0.132640554279707,0.30784594003484,0.492531762368707,0.609647512485083,0.657261102435901,0.648029212576873,0.539409001237065,0.392071608033325,0.216500529258636,0.0283338809649651,-0.128620391647696,-0.219529993078273,-0.248152512293634,-0.265175573863954,-0.279201732261221,-0.289814939264622,-0.283966012164362,-0.266997483722186,-0.235371430751936,-0.214095568549696,-0.127702520873626,0.0523710421713051,0.231494980666901,0.377632412209285,0.342226476564548,0.351981199733575,0.379802413845206,0.316093551307411,0.250044596586927,0.192185664845039,0.117036044869841,0.0586119091987726,0.0088095551709401,-0.045015238470461,-0.11632153788802,-0.173553092207627,-0.229398329451815,-0.252611376576338
"2160",-0.173251840092033,-0.300051399664464,-0.344622537779393,-0.336413732886065,-0.219644266526344,-0.0211566818079525,0.0784015771206835,0.114116772296421,0.113263581448,0.0813261701180521,0.0699217999096678,0.011240099278895,-0.0676015185108062,-0.0954545556482482,-0.0732297192461084,-0.0342687744761859,0.0896715656761997,0.185665937561678,0.251616951656108,0.282134424988466,0.263791450185283,0.177938488078158,0.0346796528467158,-0.0664215757568898,-0.267880672085487,-0.251910128392926,-0.258636885656654,-0.288651231533412,-0.379681250759456,-0.475442305821617,-0.480667920862994,-0.397641265736575,-0.234476899583521,-0.0418848117564422,0.133958086887619,0.309142201460935,0.493846255022382,0.610920905733344,0.658505633208804,0.649302410845952,0.540670432360337,0.393334898150363,0.217776090726439,0.0295999412303236,-0.127353747029944,-0.21830736755734,-0.246962874294995,-0.263978234598677,-0.279135288619921,-0.289731843991995,-0.283875828975205,-0.266904745985192,-0.235285035179619,-0.214026136103167,-0.12764380054364,0.0523797955711123,0.231339638608417,0.377412956324749,0.341655678255921,0.351207413278341,0.378782067965755,0.315308781156547,0.249401576164388,0.191682236662963,0.116613001612483,0.0583376424588439,0.00848995358527459,-0.0452736870483013,-0.116511409810744,-0.173654709595205,-0.229499337840164,-0.252677623347033
"2161",-0.173099067745182,-0.299898683574082,-0.344485790630976,-0.336225476656102,-0.219430997223451,-0.0208576498804828,0.0788134478644534,0.114576099915284,0.113675326040766,0.0816073369087151,0.070040153288435,0.011227809001346,-0.0677444769524661,-0.0956177594219873,-0.0733925419672548,-0.0344108112437062,0.0896007503156368,0.18563379860174,0.251574154849711,0.282092327270451,0.263708155178304,0.17790606991768,0.0347192574182251,-0.0663779011114084,-0.266681715934717,-0.250750162298574,-0.257488061780832,-0.287543535713359,-0.378612022728937,-0.474434945742828,-0.479752434601086,-0.396763771493322,-0.233594607343872,-0.0410006277321178,0.134871611921179,0.310036292921546,0.494747719474225,0.611788852080617,0.65935060077468,0.650165248756825,0.54152337695212,0.394189906568359,0.218645488294886,0.0304715924154805,-0.126472928743628,-0.217452601128022,-0.246129786376851,-0.263138666933155,-0.279104872840143,-0.289687566378956,-0.283827277901207,-0.266855530901269,-0.235241599981342,-0.21399672562195,-0.127627069969111,0.0523513259531854,0.231187364706034,0.377212345325363,0.341217477001581,0.350631823141513,0.378037845095392,0.314736146111475,0.248931370985961,0.191311133030622,0.116296901966119,0.0581249180265275,0.00824236956283122,-0.0454780291995882,-0.116665662797094,-0.173745786039896,-0.229587310974368,-0.252739753117302
"2162",-0.172997467645017,-0.299795593973173,-0.344393790492537,-0.336097310265397,-0.219287120259887,-0.0206530415099292,0.0791053780894289,0.114903663470821,0.113967625772511,0.0818054864292774,0.0701241976433615,0.0112220402350527,-0.0678387079728368,-0.0957244426599801,-0.0734973550089614,-0.0344988172491495,0.0895640979303619,0.185623426452192,0.25155064787357,0.282060579297131,0.263640897607144,0.177873130116614,0.0347394608055306,-0.0663524247307128,-0.265840783247769,-0.249935502569985,-0.256679984133529,-0.286763183709973,-0.377856164159716,-0.473722282158348,-0.479109762246058,-0.396151794875051,-0.232981936733671,-0.0403882438296515,0.135502369523643,0.310650290521245,0.495363048638552,0.612377436247264,0.65992118766509,0.650746745122618,0.542096791324096,0.394765292967141,0.219235014902884,0.0310690203961999,-0.125862891946063,-0.216857345649783,-0.245548645282344,-0.262552226417114,-0.279094987300266,-0.289666465111156,-0.283803678818246,-0.266832260852597,-0.235223311986946,-0.213989721961576,-0.127632558182163,0.0523070961034126,0.231050478022163,0.37703934360439,0.340884646892059,0.350206508859525,0.377497752748845,0.314320427846158,0.24858931759549,0.191039152533147,0.116062368389255,0.0579619153671405,0.0080528659746937,-0.0456370754414969,-0.116788294677709,-0.173823358345802,-0.229660830802119,-0.252794175437318
"2163",-0.172930171625669,-0.299726204096688,-0.344332080724898,-0.336010295608098,-0.219190451771111,-0.0205135264117166,0.0793116810693579,0.115136536969878,0.114174529409306,0.0819447748893895,0.0701838112532655,0.0112201763577393,-0.0679001371227839,-0.095793330232638,-0.073563795384825,-0.0345519384004047,0.0895478535833377,0.185624947808664,0.25153898001497,0.282036960550047,0.263587793968248,0.17784304562249,0.034748375449786,-0.0663381267677496,-0.265253223884538,-0.249365533181509,-0.256113739723783,-0.286215524073909,-0.377323852216409,-0.473220012480079,-0.478660322136367,-0.395726674004958,-0.232558230710887,-0.0399658766668342,0.135936021186821,0.311070022371161,0.495780998410506,0.612774403821961,0.660304244917332,0.651136278435496,0.542479863268242,0.395150109983649,0.219632575449945,0.0314765861105011,-0.125442137240275,-0.216444442854633,-0.245144832436186,-0.262144171425966,-0.279096137078324,-0.289658728376509,-0.283794547260313,-0.266823919184123,-0.235219109356517,-0.213994418279382,-0.127648517938475,0.0522590959753543,0.23093361712242,0.376895704087678,0.340634111062006,0.349894086916733,0.377107608835754,0.314020031538335,0.248341666742157,0.190840856654717,0.115889431273665,0.0578382653710745,0.00790925892181658,-0.0457593118148336,-0.116884174072642,-0.173887214544198,-0.22972053240712,-0.252839841729206
"2164",-0.172885827287754,-0.299679669555052,-0.344290848962211,-0.335951421374569,-0.219125812827666,-0.0204187692302439,0.0794570232533338,0.115301568844366,0.114320543110667,0.0820424151405238,0.0702260248674551,0.0112205000826355,-0.0679396839282438,-0.0958371826541519,-0.0736051305323775,-0.0345828831238499,0.0895432867191828,0.185632324025445,0.251534321004146,0.282019574095831,0.263546566589198,0.177817163186133,0.0347509696131256,-0.0663305847190522,-0.264844271893019,-0.248968275321813,-0.255718452581539,-0.285832616182788,-0.376950368388497,-0.472867341760775,-0.478347211521307,-0.395432535322458,-0.232266432186322,-0.0396758174342805,0.136232834860707,0.311355579827725,0.49606339019692,0.613040556999479,0.660559764178528,0.65139549210341,0.542733997714043,0.395405717894508,0.219899088181972,0.0317532563573876,-0.12515317107409,-0.216159179181568,-0.2448653470101,-0.261861347014695,-0.279102639831001,-0.289658303172248,-0.283793398593576,-0.266823717003035,-0.235222256459028,-0.214004475019785,-0.127668210289049,0.0522135744405958,0.230837237023783,0.376779598416139,0.340446972649983,0.349665810175461,0.376826992792694,0.313803905096656,0.248163151637341,0.190696972007328,0.115762622086914,0.0577452686422596,0.0078013533067418,-0.045852279222029,-0.116958143022669,-0.173938505153961,-0.229767993264129,-0.25287703950148
"2165",-0.172856793378533,-0.299648602609042,-0.344263431100024,-0.335911748030808,-0.219082831737462,-0.0203546941621315,0.0795590922617419,0.115418146324322,0.114423264052402,0.0821106564568397,0.070255854607641,0.011221925551462,-0.0679647712298116,-0.0958646214335422,-0.0736302412345117,-0.0345999907442536,0.08954497624334,0.185641993391942,0.251533606135457,0.282006883645241,0.263514979900529,0.177795734744404,0.0347502380234118,-0.0663270322569045,-0.264560740673193,-0.248692458040848,-0.255443557274763,-0.285565908469298,-0.376689294723436,-0.47262062962445,-0.47812991746423,-0.395229856717729,-0.232066346276409,-0.0394775127222249,0.136435039793381,0.311548863150147,0.49625310590433,0.613217845872996,0.6607289993669,0.65156670929478,0.542901276334874,0.395574201689344,0.22007658480236,0.0319400783382504,-0.124955598052834,-0.215962913504956,-0.244672695953204,-0.261666103608389,-0.279111205497935,-0.289661537375941,-0.2837963068486,-0.266827563912231,-0.235228760200585,-0.214016277323039,-0.127687971776769,0.052173389534273,0.230759699326631,0.37668761472597,0.340308132017353,0.34949982574194,0.376625973924593,0.313649041911739,0.248035002954386,0.190593030567218,0.11567010784346,0.0576758451859869,0.00772086954746198,-0.0459223607168316,-0.117014584190537,-0.173978941942069,-0.229805106544655,-0.252906683132653
"2166",-0.172837931823407,-0.299627972988592,-0.344245303404421,-0.335885138940011,-0.219054436486045,-0.0203115793816306,0.0796305368424007,0.115500226218101,0.11449529536696,0.0821582000199023,0.0702768825963802,0.0112237946209975,-0.067980402614818,-0.0958814216235814,-0.0736450150483957,-0.0346086652327529,0.0895496478789106,0.185651960666435,0.251534939269379,0.281997685969253,0.263491037905145,0.177778464439755,0.034747944896866,-0.0663257571675661,-0.264364948054091,-0.248501708982099,-0.255253126172835,-0.285380849137048,-0.376507480169637,-0.472448683746937,-0.477979712628157,-0.395090793597821,-0.231929770464004,-0.0393425787363378,0.136572107316687,0.311678969678116,0.496379765633257,0.613335085891008,0.660840188949501,0.651678852814121,0.543010400220822,0.395684288770429,0.220193936559611,0.0320655079312593,-0.124821147729326,-0.215828462295181,-0.244540460221115,-0.261531878037837,-0.279120021410111,-0.289666294100492,-0.283800963872268,-0.26683307117445,-0.235236342260085,-0.214027880856829,-0.127705986244433,0.0521394700673557,0.230698486250008,0.37661587729731,0.340205743617135,0.349379678775262,0.376482531556638,0.313538507477096,0.247943371454501,0.190518256301764,0.115602929096625,0.057624359429523,0.00766122902049046,-0.0459747854620905,-0.117057252736134,-0.174010355394878,-0.229833746651806,-0.25292991051677
"2167",-0.172825794811,-0.299614360505396,-0.344233399500272,-0.335867388395493,-0.21903581828631,-0.0202827279739198,0.079680376221893,0.115557824309008,0.114545638130147,0.0821912130593681,0.0702916664628826,0.0112257297027691,-0.0679899222128772,-0.0958914170766407,-0.0736533150541513,-0.0346123584992712,0.0895553965118484,0.185661196770088,0.251537183871257,0.281991059923672,0.263473052401116,0.177764820895038,0.0347450949637347,-0.0663257153603375,-0.264230300647824,-0.248370325558948,-0.255121731899721,-0.28525294650601,-0.37638134367879,-0.472329299148775,-0.477876305827084,-0.394995804615987,-0.231836994425127,-0.0392512278898993,0.136664523207137,0.311766023004123,0.496463741385467,0.613411979795468,0.660912569588947,0.651751591269632,0.543080845758598,0.395755490612828,0.22027088341898,0.0321491900120465,-0.124730112391067,-0.215736775498117,-0.244450095068916,-0.261440000270255,-0.279128168128205,-0.289671378148113,-0.283806069322776,-0.266838906546465,-0.235243777408261,-0.21403834166958,-0.127721513254315,0.0521117093100227,0.230650876123747,0.37656063640257,0.340130647748465,0.34929307853972,0.376380556784701,0.313459908577031,0.247878098652387,0.190464677342946,0.115554360548827,0.0575864012646554,0.00761729156359701,-0.0460137372460192,-0.11708925209776,-0.174034467367344,-0.229855607522309,-0.252947865429718
"2168",-0.172818075741887,-0.299605444884718,-0.344225645633839,-0.33585562061588,-0.219023718320947,-0.0202635408334297,0.0797150222527441,0.115598105088436,0.114580701918097,0.0822140559154059,0.0703020305344456,0.0112275313677289,-0.0679955450669506,-0.0958971284962703,-0.0736576470353067,-0.0346132381493437,0.0895611729818209,0.185669249830103,0.251539687606886,0.281986311816994,0.263459644733085,0.177754208807171,0.0347422309830927,-0.0663262833522144,-0.264138102049661,-0.248280213818025,-0.255031446777689,-0.285164906154086,-0.376294176092795,-0.472246729790228,-0.47780541885906,-0.394931228146883,-0.231774296823647,-0.0391897200299636,0.136726470014797,0.311823882159803,0.496518982288081,0.613461934737969,0.660959179202482,0.651798230511195,0.543125758339798,0.395800988756022,0.220320856781048,0.0322046287177187,-0.12466880736147,-0.215674553725469,-0.244388632321042,-0.2613773972954,-0.279135250668725,-0.289676167885749,-0.2838109385933,-0.266844380462357,-0.235250471804132,-0.214047295375925,-0.127734410595758,0.0520894988985271,0.230614293778249,0.376518545769888,0.340075843922106,0.34923090853324,0.37630832584073,0.313404222457002,0.247831772790164,0.190426431574903,0.115519391429893,0.057558566079012,0.0075850943068197,-0.0460425037512208,-0.117113082007477,-0.174052789554195,-0.229872139960878,-0.252961590378398
"2169",-0.172813237607026,-0.299599656697078,-0.344220643659497,-0.335847874833257,-0.219015936929841,-0.0202508704059174,0.0797390190751204,0.115626176796616,0.114605037014352,0.0822298030669244,0.0703092740033433,0.0112291092581358,-0.0679987240798048,-0.0959001954977191,-0.0736596150028042,-0.0346126366693804,0.0895664501405186,0.185675997962099,0.251542099867017,0.281982925701283,0.26344971645512,0.177746057404997,0.0347396204775293,-0.0663270998463827,-0.264075257128073,-0.24821868364584,-0.254969677916428,-0.285104561485298,-0.376234181837122,-0.472189851663685,-0.477757042146879,-0.394887549721544,-0.231732163258489,-0.0391485525813255,0.136767726096898,0.311862050362717,0.496554995055335,0.613494027276122,0.660988806298662,0.65182772153114,0.54315395859224,0.395829637179178,0.220352948611056,0.0322410657249131,-0.124627768117778,-0.215632547799387,-0.244347037809324,-0.261334949592054,-0.279141169096292,-0.289680381607557,-0.283815253543198,-0.266849183598029,-0.235256197659379,-0.214054697106757,-0.127744844655842,0.0520720374905635,0.230586469634453,0.376486761977369,0.340036033794101,0.349186448304616,0.376257346497457,0.313364911328302,0.247799012347231,0.19039923150149,0.115494312771617,0.0575382546457784,0.00756161543804856,-0.0460636319053523,-0.117130717320717,-0.174066592784193,-0.229884543094406,-0.2529719832453
"2170",-0.172810261257994,-0.299595938260937,-0.344217454538523,-0.335842818717578,-0.219010996183443,-0.0202425708133047,0.0797555769642196,0.115645669644788,0.1146218636498,0.0822406160610924,0.0703143201987808,0.0112304367656417,-0.0680004018470375,-0.0959016714994584,-0.0736602296346657,-0.0346113507004416,0.0895710089293372,0.185681495648373,0.251544252842858,0.281980521564061,0.263442408311883,0.1777398608349,0.0347373718291842,-0.0663279647464498,-0.26403262832131,-0.248176868013732,-0.254927612473233,-0.285063384952712,-0.376193064616906,-0.472150834971039,-0.477724184722328,-0.394858168769162,-0.231704023001222,-0.0391211807642171,0.136795004583324,0.311887014384694,0.49657822668231,0.613514368349544,0.661007339901328,0.651846048911029,0.54317132732811,0.39584734562331,0.220373279362066,0.0322647960970128,-0.124600475686394,-0.215604350305225,-0.244319042113899,-0.261306319672775,-0.279145978540704,-0.289683931347693,-0.283818906192377,-0.266853222815667,-0.235260929016433,-0.214060664191066,-0.127753119518496,0.0520585005748856,0.230565490367689,0.376462947547202,0.340007240533228,0.349154771097605,0.376221494211473,0.313337258820872,0.247775927436658,0.190379956713179,0.115476395216921,0.057523501156905,0.00754457199169169,-0.0460790719099578,-0.11714369467775,-0.174076913829204,-0.229893783104678,-0.252979789137526
"2171",-0.17280847495021,-0.299593579873238,-0.344215450473833,-0.335839550533496,-0.21900790829296,-0.0202371852818288,0.079766956532386,0.115659154961836,0.114633453492668,0.0822480099668879,0.0703178237708426,0.0112315221364249,-0.0680011821694428,-0.095902223455592,-0.0736601153998907,-0.0346098384344355,0.0895748038155554,0.185685880939664,0.251546085391761,0.281978821734803,0.26343705770649,0.177735191671922,0.0347355054926149,-0.0663287751988626,-0.264003863737816,-0.248148594450515,-0.25489910591447,-0.285035421715664,-0.376165010634694,-0.472124188704986,-0.4777019822418,-0.394838524345956,-0.231685357116049,-0.0391031162620534,0.136812893711021,0.311903180669136,0.496593025931434,0.613527047525778,0.661018700394087,0.651857186790465,0.543181757407003,0.39585803106382,0.22038594426846,0.0322800864488756,-0.124582459062598,-0.215585540203056,-0.244300311552331,-0.26128712045093,-0.279149805984968,-0.289686833077085,-0.283821902433433,-0.266856520499428,-0.235264742289063,-0.214065383735465,-0.127759580062827,0.0520481264721902,0.230549791631513,0.376445226496467,0.339986500758455,0.349132283318077,0.376196370173299,0.313317876611762,0.247759718182241,0.190366346539142,0.115463640914418,0.0575128308315352,0.00753225290907955,-0.0460903025129883,-0.117153195069536,-0.174084580014183,-0.229900623633742,-0.252985610254648
"2172",-0.172807439076714,-0.29959210774039,-0.344214214012965,-0.335837462724376,-0.219006017025373,-0.0202337294798108,0.0797747444013013,0.11566844800233,0.114641403830261,0.0822530433372682,0.0703202476583237,0.0112323906301989,-0.0680014459858516,-0.0959022660957183,-0.0736596484596055,-0.0346083483913903,0.0895778800190306,0.185689321494462,0.251547595288795,0.28197762467714,0.263433159560269,0.177731700208109,0.034733996861032,-0.0663294854608095,-0.263984564979862,-0.248129582604267,-0.254879890274758,-0.285016529013371,-0.37614596069016,-0.47210607612388,-0.477687063030198,-0.394825477775966,-0.231673071242674,-0.0390912949005069,0.136824514638912,0.311913527033625,0.496602309226318,0.613534783439614,0.661025478578709,0.651863754147445,0.543187804970136,0.395864269193247,0.22039366517721,0.0322898130769076,-0.124570665559472,-0.215573079671117,-0.244287862669305,-0.261274327123783,-0.279152802606791,-0.28968915287242,-0.283824304096043,-0.266859154304983,-0.235267757789229,-0.214069060599478,-0.127764560346711,0.0520402532005072,0.230538122898146,0.376432120559754,0.339971620395162,0.349116375990542,0.376178827421095,0.313304340048171,0.247748377318793,0.19035677015848,0.115454594576383,0.0575051450739543,0.00752338471337981,-0.0460984356180747,-0.117160116852703,-0.17409024034446,-0.229905659156434,-0.252989923716364
"2173",-0.172806868399303,-0.299591207420149,-0.344213469319484,-0.335836148028702,-0.219004889419811,-0.0202315417482331,0.0797800503867292,0.115674825960657,0.114646834023928,0.082256453302557,0.0703219183104169,0.0112330739346014,-0.0680014291386131,-0.0959020514252955,-0.0736590476423154,-0.0346070023942448,0.089580324053253,0.185691984914603,0.251548810025326,0.281976784958332,0.263430332544558,0.177729106922122,0.0347328013889464,-0.066330082037413,-0.263971698481316,-0.248116875868064,-0.254867012493379,-0.285003835735004,-0.376133091171223,-0.472093826288602,-0.477677099242594,-0.394816878366078,-0.231665056195852,-0.0390836347557242,0.136831979845134,0.311920054572757,0.496608019929338,0.613539369890164,0.661029372414477,0.651867461886166,0.543191132870479,0.39586773838986,0.220398237572758,0.0322959036840805,-0.124563020788706,-0.215564890402682,-0.244279650258926,-0.261265862825095,-0.27915511799647,-0.289690975733602,-0.283826195206593,-0.266861222332496,-0.235270106802123,-0.214071890033338,-0.127768359027409,0.0520343277370718,0.230529501729467,0.37642248168874,0.339960984301729,0.349105163223168,0.37616662306941,0.313294920634039,0.247740471316508,0.190350055870281,0.115448200925886,0.0574996306597739,0.00751702549379765,-0.0461043011914238,-0.117165137414728,-0.17409439701729,-0.22990934677954,-0.25299310168966
"2174",-0.172806579741215,-0.299590671648016,-0.344213035472001,-0.335835335025799,-0.21900424209997,-0.0202301798917046,0.0797836480944299,0.115679184399469,0.11465052582951,0.0822587513839843,0.0703230652449817,0.0112336042224354,-0.0680012741183871,-0.0959017278849227,-0.0736584338568137,-0.0346058482593169,0.0895822353406049,0.185694023900526,0.251549769529067,0.28197619816896,0.2634282911041,0.177727192334983,0.0347318687461122,-0.066330568544086,-0.263963180662063,-0.248108440303003,-0.254858437464997,-0.284995359893855,-0.376124445408281,-0.47208558684866,-0.477670490276186,-0.39481125905144,-0.231659881314474,-0.0390787285304747,0.136836711315432,0.3119240997504,0.496611443765698,0.613541980395973,0.661031484058845,0.651869416382337,0.543192811079036,0.395869520755371,0.220400835738764,0.0322996418941581,-0.124558122334351,-0.215559557073859,-0.24427427856474,-0.261260307783034,-0.279156887522861,-0.28969238842259,-0.283827663265007,-0.266862824022506,-0.235271914275483,-0.214074044983838,-0.127771230371025,0.0520299007952955,0.230523166964625,0.376415428837552,0.339953409740904,0.349097287407703,0.376158164437636,0.313288390677236,0.247734980179835,0.190345365092998,0.115443697998352,0.0574956890233087,0.00751248249012313,-0.0461085147393715,-0.117168763642268,-0.17409743426673,-0.22991203437978,-0.252995430824426
"2175",-0.172806456942492,-0.299590364889166,-0.344212794830279,-0.33583484401593,-0.219003891324274,-0.0202293502985795,0.079786074844584,0.115682149107095,0.114653023302679,0.0822602912536038,0.0703238493286921,0.0112340110968982,-0.0680010641957423,-0.0959013790835352,-0.0736578684479084,-0.0346048926684001,0.0895837108910903,0.18569557014913,0.251550516404588,0.281975789700021,0.263426822916778,0.177725786529503,0.0347311503065903,-0.0663309567088828,-0.263957586655349,-0.248102882658035,-0.254852768533436,-0.284989738869479,-0.376118672803495,-0.472080078153424,-0.47766614028674,-0.394807623896516,-0.231656581275323,-0.0390756302350617,0.136839660530586,0.311926549038261,0.496613424488926,0.613543375114111,0.661032520860822,0.65187032448952,0.543193519089867,0.395870305139486,0.220402220065859,0.0323018762834934,-0.12455502732339,-0.215556120588476,-0.244270799579563,-0.261256695922294,-0.279158227347393,-0.289693470792876,-0.283828789645914,-0.266864050559922,-0.235273290802342,-0.214075671805732,-0.127773383788054,0.0520266149043045,0.230518535600588,0.376410292587332,0.339948034801135,0.349091775067126,0.37615232461983,0.313283881326554,0.247731180777501,0.190342099896974,0.115440537834345,0.057492881881034,0.00750924880576548,-0.0461115300636327,-0.11717137228767,-0.174099643281293,-0.22991398438586,-0.252997129587964
"2176",-0.17280642749168,-0.299590199341345,-0.344212671688186,-0.335834556922429,-0.219003719276283,-0.0202288594461386,0.0797877024589594,0.115684155812118,0.114654703699383,0.0822613165107362,0.0703243829464055,0.0112343202719434,-0.0680008457171559,-0.0959010488850205,-0.0736573776249172,-0.0346041212211738,0.089584837871606,0.18569673316928,0.251551090811561,0.281975506467365,0.263425771101865,0.177724759470341,0.0347306026840296,-0.0663312612055566,-0.263953946551269,-0.248099252847582,-0.25484905139961,-0.284986039868252,-0.376114844900027,-0.472076419755671,-0.477663302410006,-0.394805300289312,-0.231654508462455,-0.0390737078524279,0.136841459937457,0.311927985890243,0.496614510646122,0.613544040697218,0.661032930612366,0.651870631206351,0.543193681485539,0.395870523262658,0.220402877152053,0.0323031632306313,-0.124553105694842,-0.215553934465209,-0.244268572704195,-0.261254373147537,-0.27915923367607,-0.289694292107313,-0.283829645385656,-0.266864980853782,-0.235274329931414,-0.214076890523374,-0.127774987633805,0.0520241902451917,0.23051516538984,0.376406568650859,0.339944234198697,0.349087930801841,0.376148309101629,0.313280779871963,0.247728562266913,0.190339835492738,0.1154383278958,0.0574908898500169,0.00750695530429617,-0.0461136799667384,-0.117173241691193,-0.174101242928675,-0.229915393257368,-0.252998362994117
"2177",-0.172806447030628,-0.299590118758101,-0.344212617932021,-0.335834396838738,-0.219003651428425,-0.0202285808572361,0.0797887872420375,0.115685506799393,0.114655827627655,0.0822619942634472,0.0703247443481503,0.0112345532474527,-0.0680006425084996,-0.0959007574518803,-0.0736569677662023,-0.0346035103063428,0.0895856907764142,0.185697601661784,0.251551528120831,0.281975310855605,0.263425020396565,0.17772401260447,0.0347301890011969,-0.0663314968387341,-0.263951603389299,-0.248096906099139,-0.254846637052553,-0.284983627232418,-0.376112326167555,-0.472074008436703,-0.477661470090204,-0.394803836528952,-0.231653231143643,-0.0390725419963671,0.136842526798805,0.311928790922644,0.496615054954234,0.613544284293735,0.661032992011238,0.651870611545481,0.54319355814039,0.395870440395371,0.220403113951122,0.0323038640777676,-0.124551939264161,-0.215552565469946,-0.244267167472032,-0.261252898975716,-0.279159984179634,-0.289694910160666,-0.283830290018772,-0.266865680643301,-0.235275108361324,-0.21407779732438,-0.127776174780662,0.0520224106499934,0.230512723639256,0.376403879967032,0.339941556237057,0.349085259676299,0.376145559700787,0.313278655762845,0.247726765048494,0.190338271172244,0.115436788031611,0.0574894812335344,0.00750533436424289,-0.0461152073194683,-0.117174576361962,-0.174102396535767,-0.229916407076347,-0.252999254713997
"2178",-0.172806489147375,-0.299590087596492,-0.344212603454492,-0.335834314189869,-0.219003641426941,-0.0202284326860438,0.0797895051539405,0.115686410984796,0.114656574405419,0.0822624386564992,0.0703249878258298,0.0112347275156889,-0.0680004650588108,-0.0959005113502745,-0.0736566348107432,-0.0346030338359383,0.0895863311455806,0.185698246058221,0.251551858168691,0.281975176314744,0.26342448655064,0.177723471858531,0.0347298789283095,-0.0663316771423265,-0.263950114559364,-0.248095407103604,-0.254845086311489,-0.284982069887602,-0.376110683554922,-0.472072432762523,-0.477660301553773,-0.394802931146458,-0.231652463533302,-0.0390718565053151,0.136843134074179,0.311929209865514,0.496615281224225,0.613544296338801,0.6610328747621,0.651870431413187,0.543193303800111,0.395870215330501,0.220403120650448,0.0323042108833849,-0.124551252587571,-0.21555172513709,-0.244266296389117,-0.261251978522065,-0.27916054036149,-0.289695371872447,-0.283830772031872,-0.266866203235207,-0.235275687548183,-0.214078467936188,-0.12777704856809,0.0520211109400315,0.230510961890082,0.376401946465254,0.339939675930743,0.349083410694373,0.376143685663332,0.313277207527253,0.247725536883224,0.190337194816164,0.115435719026424,0.0574884886562173,0.00750419277508272,-0.0461162885543331,-0.117175525806493,-0.174103225203101,-0.229917133808556,-0.252999896798612
"2179",-0.172806538704441,-0.299590083776911,-0.34421260978499,-0.335834277414554,-0.219003661063266,-0.0202283625884051,0.0797899764787712,0.115687012185413,0.114657066904753,0.0822627273006779,0.0703251509105373,0.0112348570175514,-0.0680003162835461,-0.0959003097946084,-0.0736563698657328,-0.0346026668193727,0.0895868085792671,0.185698721412753,0.251552105376501,0.281975084176416,0.263424108274297,0.177723081961928,0.0347296481106408,-0.0663318138015946,-0.263949183606847,-0.248094463624503,-0.254844103596976,-0.284981077027554,-0.376109623409792,-0.472071413447673,-0.477659567519757,-0.394802384326483,-0.231652017966337,-0.0390714711238231,0.136843458567717,0.311929399411277,0.496615329163687,0.613544192211272,0.661032679205719,0.651870187635569,0.543193007105922,0.395869939723596,0.220403012376419,0.0323043506765634,-0.12455086582194,-0.215551222774665,-0.244265768755483,-0.261251415662086,-0.27916095018326,-0.289695714556257,-0.283831130079465,-0.266866590984473,-0.235276115870358,-0.214078961137446,-0.127777688405623,0.0520201660660587,0.230509695790577,0.3764005613523,0.339938360362363,0.34908213581889,0.376142414427618,0.313276224833486,0.247724701470625,0.190336457322407,0.115434979723136,0.0574877916930657,0.00750339160424515,-0.0461170512903162,-0.117176198811364,-0.174103818203518,-0.229917652810619,-0.253000357342867
"2180",-0.172806587517921,-0.299590093883184,-0.344212625885647,-0.335834266725336,-0.219003693668564,-0.020228337564526,0.0797902830659911,0.11568740899435,0.114657388949259,0.0822629127056816,0.0703252594471506,0.0112349526844461,-0.0680001950696395,-0.0959001484120912,-0.0736561624290974,-0.0346023870445093,0.0895871623076376,0.185699070212875,0.251552289291995,0.281975021363471,0.263423841178268,0.177722801939488,0.0347294773463204,-0.0663319165340369,-0.263948613254807,-0.248093880693029,-0.254843491159158,-0.284980453591773,-0.376108947648012,-0.472070761885414,-0.477659115140878,-0.394802064663089,-0.231651772343805,-0.0390712693987715,0.136843613466312,0.311929457972928,0.496615284173432,0.613544039657172,0.661032462225102,0.65186993403657,0.543192715908314,0.395869663656248,0.220402856642572,0.0323043750640169,-0.124550662737333,-0.21555093335469,-0.244265459048925,-0.261251080911715,-0.279161250582604,-0.289695967411116,-0.283831394468985,-0.266866877011265,-0.235276430875675,-0.21407932202121,-0.127778154700707,0.052019482117437,0.230508789352752,0.376399572765611,0.3399374432222,0.349081260386616,0.376141556572515,0.313275561474958,0.247724136033462,0.190335954255404,0.115434470455151,0.0574873040329506,0.00750283133172219,-0.0461175874624425,-0.117176674187331,-0.17410424100005,-0.229918022116634,-0.253000686439679
"2181",-0.172806631589811,-0.29959011000349,-0.344212645398515,-0.335834269955324,-0.219003729799459,-0.0202283371808096,0.0797904803383628,0.11568766870513,0.114657597454291,0.0822630302076111,0.0703253311609442,0.0112350229754594,-0.0680000983995319,-0.0959000214364315,-0.0736560021368184,-0.0346021756661141,0.08958742289768,0.185699324899567,0.251552425292983,0.281974978749765,0.263423653247757,0.177722601590185,0.0347293517149201,-0.0663319932077488,-0.263948273177311,-0.248093529135364,-0.254843117571312,-0.284980069566498,-0.376108523414403,-0.47207035141954,-0.477658843239759,-0.394801886513078,-0.23165164808351,-0.039071177011813,0.136843670206441,0.311929446188378,0.496615197018278,0.613543876683671,0.661032254011689,0.651869698248796,0.543192453500127,0.395869412063392,0.220402691254182,0.0323043399065547,-0.124550569124389,-0.21555077567635,-0.24426528537694,-0.261250889498086,-0.27916146971173,-0.289696152989299,-0.283831588646338,-0.26686708688124,-0.235276661368075,-0.214079584842214,-0.127778493009301,0.0520189890657588,0.2305081427981,0.376398869737054,0.33993680619146,0.349080661835894,0.376140980953674,0.313275116202955,0.247723755385837,0.190335612727205,0.115434121098005,0.0574869640450772,0.00750244093374539,-0.0461179630415996,-0.117177008792662,-0.174104541362439,-0.22991828396857,-0.253000920750908
"2182",-0.172806669358984,-0.29959012766865,-0.344212664859517,-0.335834279812932,-0.219003764447957,-0.0202283490771349,0.0797906056246204,0.115687837032962,0.114657730868376,0.0822631034453395,0.0703253781561622,0.0112350743647986,-0.0680000225781344,-0.0958999229237328,-0.0736558796199289,-0.0346020171978735,0.0895876138760152,0.185699510018163,0.251552525309483,0.281974949990566,0.263423521484554,0.177722458771872,0.0347292597603052,-0.0663320500665511,-0.263948077989327,-0.24809332404083,-0.254842896133961,-0.284979838904374,-0.376108262164988,-0.472070097520766,-0.477658685375878,-0.394801794643884,-0.231651595265712,-0.0390711472385586,0.1368436730796,0.311929400492867,0.496615096704198,0.613543723114835,0.661032068787853,0.651869492413431,0.543192228883112,0.395869195149138,0.220402535866613,0.0323042782984043,-0.124550538301081,-0.215550697589731,-0.244265194861657,-0.26125078645825,-0.279161628836499,-0.289696288520954,-0.283831730548556,-0.266867240117029,-0.235276829227517,-0.21407977540232,-0.127778737428363,0.052018635020397,0.230507683275435,0.376398371555942,0.33993636539368,0.349080254470244,0.376140597129392,0.313274819175899,0.247723500649918,0.190335382053331,0.11543388248654,0.0574867278812794,0.00750216990650106,-0.0461182251894869,-0.11717724348586,-0.174104753990955,-0.22991846897859,-0.25300108698151
"2183",-0.172806700614454,-0.299590144519872,-0.344212682552288,-0.33583429208165,-0.219003795258216,-0.0202283660117639,0.0797906839199933,0.115687944877248,0.114657815021094,0.0822631481288445,0.0703254086604974,0.0112351117612595,-0.0679999639037473,-0.0958998473731901,-0.0736557868418981,-0.0346018992082943,0.0895877531650904,0.185699643993554,0.251552598490747,0.281974930691888,0.263423429430681,0.177722357330019,0.0347291927739867,-0.0663320919876744,-0.263947972284684,-0.248093210098253,-0.254842770137886,-0.284979705111782,-0.376108105304292,-0.472069944163349,-0.477658598320308,-0.394801753881246,-0.231651582684652,-0.0390711512515564,0.136843648921243,0.311929342031112,0.496614998826185,0.613543587962711,0.661031911565697,0.651869319885039,0.543192043149959,0.395869014882349,0.220402399354765,0.0323042090560584,-0.124550541445342,-0.215550666051448,-0.244265153778853,-0.261250736564767,-0.279161743896763,-0.289696387048877,-0.283831833769232,-0.266867351490425,-0.2352769509343,-0.214079912992806,-0.127778913307726,0.0520183817498644,0.230507357837252,0.376398019773904,0.33993606157797,0.349079978585884,0.376140342982727,0.313274622413193,0.247723331293183,0.190335227121205,0.115433720273098,0.057486564456108,0.00750198246511335,-0.0461184074982844,-0.117177407516369,-0.174104903984358,-0.229918599238777,-0.253001204497506
"2184",-0.172806725834762,-0.299590159458023,-0.344212697782384,-0.335834304450367,-0.219003821403131,-0.0202283839347534,0.0797907318529287,0.115688013008461,0.114657867158738,0.08226317462154,0.0703254282388405,0.0112351388565676,-0.0679999190023613,-0.0958997899961963,-0.0736557171473407,-0.0346018118964282,0.0895878542982958,0.185699740559996,0.251552651785407,0.281974917822825,0.263423365352012,0.177722285532125,0.0347291441927769,-0.066332122732367,-0.263947920516358,-0.248093151658527,-0.254842702855256,-0.284979631440235,-0.376108014366267,-0.472069854502802,-0.477658554249869,-0.39480174216854,-0.231651591228909,-0.0390711716987484,0.136843613488843,0.311929282455475,0.496614910917731,0.613543474058732,0.661031782330784,0.65186917935056,0.543191893364305,0.395868868962298,0.220402284440852,0.0323041422153989,-0.124550561191606,-0.215550660471958,-0.244265140942489,-0.261250717552103,-0.279161826758612,-0.289696458367334,-0.283831908526549,-0.266867432089876,-0.235277038809994,-0.214080011942473,-0.127779039380905,0.052018201233256,0.230507128167355,0.376397772238528,0.339935853035807,0.349079792741438,0.376140176034246,0.313274493093905,0.247723219528794,0.190335123700381,0.115433610548722,0.057486451809549,0.00750185334303492,-0.0461185338093808,-0.117177521745889,-0.174105009422932,-0.229918690629327,-0.253001287284053
"2185",-0.172806745798111,-0.299590172108229,-0.344212710425247,-0.335834315761656,-0.219003842889292,-0.0202284007448696,0.079790760405333,0.115688055304019,0.114657898718175,0.0822631897021312,0.0703254406347245,0.0112351584073036,-0.0679998849646236,-0.095899746786499,-0.0736556651627692,-0.0346017476457212,0.0895879274165643,0.185699809891423,0.251552690426638,0.281974909301351,0.263423320912587,0.177722234893703,0.0347291091072814,-0.0663321451704523,-0.263947900189276,-0.248093126035668,-0.254842670776612,-0.284979594244041,-0.376107964332356,-0.472069804525734,-0.477658535488587,-0.394801745943031,-0.231651609508778,-0.0390711984847059,0.13684357562348,0.311929227657412,0.496614835831203,0.613543380908859,0.661031678571502,0.65186906729436,0.543191774849879,0.395868753171904,0.220402190545263,0.0323040825498218,-0.124550587422736,-0.215550668294367,-0.244265143294475,-0.261250715589874,-0.279161886201391,-0.289696509779427,-0.283831962446526,-0.266867490180734,-0.235277102006437,-0.21408008283126,-0.127779129416337,0.0520180730323663,0.230506966650846,0.376397598669419,0.339935710510444,0.349079668281293,0.376140067366666,0.313274408869248,0.247723146391689,0.190335055137661,0.11543353673252,0.0574863744824919,0.00750176476285736,-0.0461186209840628,-0.117177601000153,-0.174105083280474,-0.229918754521744,-0.253001345400249
"2186",-0.172806761361887,-0.299590182489036,-0.344212720650619,-0.335834325534985,-0.219003860136984,-0.0202284154974117,0.0797907767698806,0.115688080973432,0.114657917225379,0.0822631977610487,0.0703254483514765,0.0112351724586462,-0.0679998593724036,-0.0958997144851328,-0.0736556266326241,-0.0346017006068534,0.089587980067236,0.185699859481783,0.251552718326736,0.281974903703468,0.26342329021153,0.177722199304005,0.0347290838695278,-0.0663321614717837,-0.263947897308816,-0.248093119017066,-0.254842659066429,-0.284979578506188,-0.376107939106866,-0.472069778745294,-0.477658530985893,-0.394801757077535,-0.231651630991849,-0.0390712260243046,0.136843539937291,0.311929180137716,0.496614773836977,0.613543306410336,0.661031596759763,0.651868979420612,0.54319168248404,0.395868662718921,0.220402115499075,0.0323040317898547,-0.124550614529757,-0.215550682078057,-0.244265152985212,-0.261250722277991,-0.279161928684535,-0.289696546696491,-0.283832001184314,-0.266867531885479,-0.235277147280975,-0.214080133428961,-0.127779193482467,0.0520179823069181,0.23050685346306,0.376397477396857,0.339935613552356,0.349079585469263,0.376139997391452,0.313274354595511,0.247723098998765,0.190335010036338,0.115433487369759,0.0574863216304593,0.0075017042604662,-0.0461186809053191,-0.11717765577803,-0.174105134831626,-0.229918799028892,-0.253001386053591
"2187",-0.172806773346034,-0.299590190812819,-0.344212728759274,-0.335834333669208,-0.219003873734459,-0.0202284279070127,0.0797907856122296,0.115688096081973,0.114657927589017,0.0822632016088095,0.07032545305202,0.011235182519205,-0.0679998402680762,-0.0958996904961551,-0.0736555982377734,-0.0346016663322871,0.0895880178331829,0.185699894822395,0.251552738391417,0.281974900059716,0.263423269086397,0.177722174379013,0.0347290657850193,-0.0663321732640814,-0.2639479033578,-0.248093121873609,-0.254842658528105,-0.284979574842333,-0.376107928469519,-0.472069767298572,-0.477658533973222,-0.394801770873865,-0.23165165214458,-0.0390712514740489,0.136843508527703,0.311929140488078,0.496614723897855,0.613543247848962,0.661031533177951,0.651868911430104,0.543191611380672,0.395868592954044,0.220402056537479,0.0323039899987154,-0.124550639646383,-0.215550697591267,-0.244265165456393,-0.261250732667162,-0.279161958936338,-0.289696573105318,-0.283832028909382,-0.266867561713599,-0.235277179596088,-0.214080169413294,-0.127779238907672,0.0520179183270803,0.230506774425488,0.376397392970186,0.339935547919571,0.349079530768653,0.376139952909795,0.313274320065399,0.247723068642801,0.190334980632272,0.115433454578686,0.0574862856730902,0.00750166312806821,-0.0461187219183288,-0.117177693488223,-0.174105170682419,-0.229918829917945,-0.253001414389218
"2188",-0.172806782478474,-0.299590197369254,-0.344212735090164,-0.335834340260771,-0.219003884300782,-0.0202284380415313,0.0797907899245129,0.115688104589364,0.114657932977605,0.0822632030191684,0.0703254558327775,0.0112351896959162,-0.0679998260980656,-0.0958996727854519,-0.0736555774215227,-0.0346016414692012,0.0895880448212839,0.185699919917809,0.251552752766079,0.281974897713336,0.263423254611335,0.177722156985306,0.0347290528743251,-0.0663321817599186,-0.263947913303766,-0.248093129382861,-0.254842663590804,-0.2849795775076,-0.37610792603496,-0.472069764000605,-0.477658540416054,-0.394801784758624,-0.231651671240209,-0.0390712736076134,0.136843482054531,0.311929108298326,0.496614684419534,0.613543202449499,0.661031484346916,0.651868859406658,0.54319155720846,0.395868539715063,0.22040201084689,0.0323039564052343,-0.124550661526067,-0.215550712575864,-0.244265178193536,-0.261250743966187,-0.279161980401511,-0.289696591927865,-0.283832048679634,-0.266867582969311,-0.23527720257804,-0.21408019491404,-0.127779271002593,0.0520178733662811,0.230506719434805,0.37639733441254,0.339935503730017,0.349079494935546,0.376139925079989,0.313274298438655,0.247723049471351,0.190334961661656,0.115433432958787,0.0574862613307747,0.00750163530416068,-0.0461187498630397,-0.117177719340509,-0.174105195521309,-0.229918851274078,-0.253001434066762
"2189",-0.172806789376231,-0.299590202460498,-0.344212739970872,-0.335834345495681,-0.219003892414924,-0.0202284461383063,0.0797907915993079,0.115688109054446,0.114657935411212,0.0822632030918522,0.0703254574104952,0.0112351947970239,-0.0679998156486373,-0.0958996597801752,-0.0736555622349184,-0.034601623508915,0.0895880640372892,0.185699937675249,0.251552763026241,0.28197489622178,0.263423244736961,0.177722144891474,0.03472904369058,-0.0663321878570006,-0.263947924296639,-0.248093138532701,-0.254842670984376,-0.284979583080171,-0.376107927895361,-0.472069765048004,-0.477658547999844,-0.394801797444815,-0.231651687604548,-0.0390712921122182,0.136843460403981,0.311929082697024,0.496614653673471,0.613543167654719,0.661031447217374,0.651868819974928,0.543191516299443,0.395868499454334,0.220401975841261,0.0323039298925233,-0.124550679838886,-0.215550725956772,-0.244265189923042,-0.261250754706307,-0.279161995578515,-0.289696605295344,-0.28383206272683,-0.266867598062071,-0.235277218864437,-0.214080212922021,-0.127779293599734,0.0520178418821294,0.230506681317348,0.376397293953008,0.339935474153001,0.349079471686933,0.376139908017211,0.313274285160703,0.24772303757464,0.190334949574504,0.115433418826109,0.057486244939931,0.00750161658498688,-0.0461187688115925,-0.117177736985494,-0.174105212664081,-0.229918865980869,-0.253001447679998
"2190",-0.172806794545982,-0.299590206367865,-0.344212743694005,-0.335834349587807,-0.219003898584106,-0.0202284524976677,0.0797907918133138,0.115688111110793,0.114657936158314,0.0822632024931644,0.0703254582490726,0.0112351984099898,-0.067999807983579,-0.0958996502774879,-0.073655551205478,-0.034601610586808,0.0895880776706735,0.185699950196369,0.251552770323188,0.28197489528858,0.263423238032938,0.177722136514137,0.0347290371811094,-0.06633219221619,-0.263947934826134,-0.248093147679172,-0.254842678874839,-0.284979589599099,-0.376107931724028,-0.472069768161478,-0.477658555472069,-0.394801808400003,-0.231651701146914,-0.0390713071571453,0.13684344308793,0.311929062661449,0.496614630019084,0.613543141244589,0.66103141922657,0.651868790330429,0.543191485643608,0.395868469247146,0.220401949279049,0.0323039092718038,-0.124550694740048,-0.215550737343143,-0.244265200102052,-0.261250764207506,-0.279162006271898,-0.289696614755216,-0.28383207267239,-0.266867608740984,-0.235277230365446,-0.214080225594307,-0.127779309453938,0.0520178199138388,0.230506654997573,0.376397266109578,0.339935454485751,0.349079456773749,0.376139897832951,0.31327427722062,0.247723030358353,0.190334941990342,0.115433409679564,0.0574862339680542,0.00750160406635034,-0.046118781593049,-0.117177748972128,-0.174105224447519,-0.229918876066603,-0.253001457060821
"2191",-0.172806798394206,-0.299590209337127,-0.344212746508593,-0.335834352745721,-0.219003903234493,-0.0202284574243742,0.0797907912821139,0.115688111785901,0.11465793600031,0.0822632016143582,0.0703254586452248,0.0112352009599714,-0.0679998023883936,-0.0958996433660983,-0.0736555432293092,-0.0346016013252395,0.0895880873092634,0.185699958994355,0.251552775494319,0.28197489471641,0.263423233504621,0.177722130733707,0.0347290325833729,-0.0663321953214861,-0.263947944183046,-0.248093156005463,-0.254842686306167,-0.284979596005028,-0.37610793618837,-0.472069772023239,-0.477658562220159,-0.394801817514453,-0.231651712074765,-0.0390713191361327,0.136843429475879,0.311929047185203,0.496614612006319,0.613543121365342,0.661031398282911,0.651868768203384,0.543191462827325,0.395868446740133,0.22040192929054,0.0323038934249448,-0.124550706611997,-0.215550746719198,-0.244265208599495,-0.261250772242658,-0.279162013779823,-0.289696621426313,-0.283832079689271,-0.266867616270411,-0.23527723845873,-0.214080234480527,-0.127779320537883,0.0520178046411875,0.230506636896984,0.376397247028484,0.339935441504,0.349079447338122,0.376139891978925,0.313274272644185,0.24772302611417,0.190334937323021,0.115433403829816,0.0574862266714585,0.00750159574987845,-0.0461187901654445,-0.117177757073691,-0.174105232512694,-0.229918882952951,-0.253001463498504
"2192",-0.172806801241205,-0.299590211574396,-0.344212748619722,-0.335834355156696,-0.219003906713821,-0.0202284611981113,0.0797907904280646,0.115688111714076,0.114657935406577,0.0822632006749658,0.0703254587860199,0.0112352027534101,-0.0679997983227219,-0.0958996383611715,-0.0736555374845062,-0.0346015947118973,0.0895880940997537,0.185699965154493,0.251552779146087,0.281974894374881,0.26342323046293,0.177722126761311,0.0347290293472784,-0.0663321975256662,-0.263947952119805,-0.248093163178986,-0.254842692844264,-0.284979601781531,-0.37610794056915,-0.472069775911334,-0.477658568004446,-0.394801824898345,-0.231651720725183,-0.0390713285192482,0.136843418922979,0.311929035360062,0.496614598409586,0.61354310651115,0.661031382716157,0.651868751792906,0.543191445949381,0.395868430074508,0.220401914358146,0.0323038813689889,-0.124550715915904,-0.215550754256994,-0.244265215500704,-0.261250778830066,-0.279162019032589,-0.289696626114302,-0.28383208462256,-0.26686762156063,-0.235277244133992,-0.214080240689717,-0.127779328258948,0.0520177940632355,0.23050662450141,0.376397234010128,0.339935433006892,0.349079441469403,0.37613988880103,0.313274270149126,0.247723023727025,0.190334934523139,0.115433400142176,0.0574862218545709,0.00750159026625909,-0.0461187958786588,-0.117177762519242,-0.174105238008022,-0.229918887632842,-0.253001467897242
