"V1","V2","V3","V4","V5","V6","V7","V8","V9","V10","V11","V12","V13","V14","V15","V16","V17","V18","V19","V20","V21","V22","V23","V24","V25","V26","V27","V28","V29","V30","V31","V32","V33","V34","V35","V36","V37","V38","V39","V40","V41","V42","V43","V44","V45","V46","V47","V48","V49","V50","V51","V52","V53","V54","V55","V56","V57","V58","V59","V60","V61","V62","V63","V64","V65","V66","V67","V68","V69","V70","V71","V72","V73","V74","V75","V76","V77","V78","V79","V80","V81","V82","V83","V84","V85","V86","V87","V88","V89","V90","V91","V92","V93","V94","V95","V96","V97","V98","V99","V100"
"1",2.66893890510291,2.44712727872689,2.2183522737123,1.98435192132343,1.74686425282458,1.50762729948005,1.26837909255411,1.03085766331108,0.796801043015242,0.56794726293089,0.346034354322319,0.132800348453823,-0.070016723410303,-0.260678830005766,-0.437447940068272,-0.598586022333527,-0.742355045537238,-0.867016978415108,-0.970833789702847,-1.05206744813616,-1.10898509912772,-1.14095134360919,-1.14977935072195,-1.13761359693388,-1.10659855871286,-1.05887871252677,-0.996598534843489,-0.921902502130885,-0.836935090856837,-0.743840777489226,-0.644764038495926,-0.541849350344814,-0.437241189503768,-0.333084032440665,-0.231522355623381,-0.134700635519794,-0.0447633485977807,0.0361450286747828,0.105880019830019,0.16229714840005,0.203289489803211,0.228209949034255,0.238307801341553,0.234959059589435,0.219539736642228,0.193425845364264,0.157993398619872,0.11461840927338,0.0646768901891186,0.00954485423141667,-0.0494016857353961,-0.11078671684699,-0.173234226239037,-0.235368201047206,-0.295812628407168,-0.353191495454594,-0.406128789325154,-0.45324849715452,-0.493174606078361,-0.524531103232348,-0.546021470818422,-0.557538672770871,-0.559891338416948,-0.553911651177621,-0.540431794473852,-0.520283951726609,-0.494300306356855,-0.463313041785556,-0.428154341433678,-0.389656388722185,-0.348651367072042,-0.305971459904216,-0.26244885063967,-0.21891572269937,-0.176204259504282,-0.13514664447537,-0.0965750610335996,-0.0613216925999359,-0.0302187225953442,-0.00409833444078964,0.0163456514913936,0.0314420042351576,0.0419778204230438,0.0487423586102292,0.0525248773518905,0.0541146352032036,0.0543008907193454,0.0538729024554925,0.0536199289668212,0.0543312288085084,0.0567960605357304,0.0618036827036639,0.0701433538674851,0.082604332582371,0.0999758774034981,0.123047246886043,0.152607699585181,0.189446494056091,0.234352888853947,0.288116142533928
"2",2.68723182383109,2.46836456429432,2.24166269998153,2.00892949368195,1.77196820818482,1.53258210627937,1.29257445075484,1.05374850440046,0.817907530005452,0.586854790359062,0.362393548250518,0.146327066469054,-0.059541392196097,-0.253408564955702,-0.433471189020528,-0.597926001601342,-0.74496973990891,-0.872799141154,-0.97961094254738,-1.06360188129981,-1.12297398283816,-1.15705037440015,-1.1676555094336,-1.15695228721606,-1.12710360702503,-1.08027236813807,-1.01862146983268,-0.944313811386403,-0.859512292076762,-0.766379811181288,-0.667079267977506,-0.563773561742946,-0.458625591755134,-0.353798257291599,-0.251454457629869,-0.153757092047471,-0.0628690598219338,0.0190467397692148,0.0898274074484472,0.147310043938235,0.189369510197502,0.215348596377238,0.22649698456925,0.224191797663369,0.209810158549426,0.184729190117255,0.150326015256686,0.107977756857552,0.0590615378096838,0.00495448100291328,-0.0529662906729275,-0.113323654328007,-0.174740487072493,-0.235839666016554,-0.295244068270359,-0.351576570944075,-0.40346005114787,-0.449517385991914,-0.488371452586374,-0.518645128041418,-0.539040884598637,-0.549452173503121,-0.550689263995228,-0.543586009057963,-0.528976261674325,-0.507693874827319,-0.480572701499947,-0.448446594675211,-0.412149407336112,-0.372514992465656,-0.330377203046842,-0.286569892062675,-0.241926912496155,-0.197282117330286,-0.153469359548071,-0.111322492132511,-0.0716753680666088,-0.0353618403333673,-0.00321576191578889,0.0239290142031241,0.0453750156091305,0.0614327075289887,0.0728643158234776,0.0804341972997639,0.084906708765014,0.0870462070263937,0.0876170488910697,0.0873835911662081,0.0871101906589753,0.0875612041765376,0.0895009885260613,0.0936939005147126,0.100904296949658,0.111896534638063,0.127434970387095,0.14828396100392,0.175207863295704,0.208971034069613,0.250337830132814,0.300072608292473
"3",2.65868852398043,2.44253174218938,2.21851300734586,1.98842702434803,1.75406849809407,1.51723213348212,1.27971263541037,1.04330470877696,0.809803058480065,0.581002389417847,0.358697406488469,0.144682814590094,-0.0592466813791154,-0.251296376520995,-0.429671565937381,-0.592577544730111,-0.738219608001021,-0.864803050851948,-0.970533168384729,-1.0536152557012,-1.11225986989514,-1.14579311035321,-1.15602999865321,-1.1451223238576,-1.1152218750288,-1.06848044122928,-1.00704981152148,-0.933081774967849,-0.848728120630829,-0.756140637572869,-0.657471114856417,-0.554871341543919,-0.450493106697822,-0.346488199380573,-0.245008408654619,-0.148205523582406,-0.0582313332263819,0.0227623733510068,0.0926238070873133,0.14920117892009,0.190380347636609,0.215510732181892,0.225842967911678,0.2227547516745,0.207623780318892,0.181827750693387,0.14674435964652,0.103751304026823,0.0542262806828296,-0.000453013536925943,-0.0589088817839105,-0.11976362720959,-0.181639552965432,-0.243158962202902,-0.302944158073467,-0.359617443728593,-0.411801122319747,-0.458117496998395,-0.497188870916004,-0.52763754722404,-0.548165719207398,-0.558670973258583,-0.55997111175145,-0.552907608210501,-0.538321936160236,-0.517055569125157,-0.489949980629765,-0.45784664419856,-0.421587033356045,-0.382012621626721,-0.339964882535088,-0.296285289605648,-0.251815316362903,-0.207396436331352,-0.163870123035498,-0.122077849999842,-0.0828610907488845,-0.0470613188071271,-0.015520007699071,0.0109213690507824,0.0315597681126967,0.0467152318151153,0.0571663525066383,0.0636938855076599,0.0670785861385737,0.0681012097197732,0.0675425115716525,0.066183247014605,0.0648041713690243,0.0641860399553044,0.0651096080938389,0.0683556311050215,0.0747048643092459,0.0849380630269059,0.099835982578395,0.120179378284107,0.146749005464436,0.180325619439775,0.221689975530518,0.271622829057059
"4",2.69246956151404,2.47162253952653,2.24320653055887,2.00900885123131,1.77081681816414,1.53041774797761,1.289598957292,1.05014776272758,0.81385148090463,0.582497428443406,0.357872921964185,0.141765278087236,-0.0640381865671693,-0.257750155378761,-0.437583311727269,-0.601750338992422,-0.748463920553951,-0.875936739791582,-0.982381480085049,-1.06601082481408,-1.12504272253544,-1.158811339339,-1.16914127005583,-1.15819408084779,-1.12813133787671,-1.08111460730443,-1.0193054552928,-0.944865448003642,-0.859956151598809,-0.766739132240138,-0.667375956089465,-0.564028189308633,-0.458857398059478,-0.354025148503843,-0.251693006803565,-0.154022539120484,-0.0631753116164406,0.0186871095467267,0.0894031582071783,0.146811268203074,0.188787622469866,0.214675900100177,0.225726109599805,0.223315662677903,0.208821971043626,0.183622446406127,0.14909450047456,0.106615544958079,0.0575629915658386,0.00331425200699118,-0.0547532620093088,-0.115262138773907,-0.176834966577651,-0.238094333711385,-0.297662828465957,-0.354163039132212,-0.406217554000997,-0.452448961363157,-0.49147984950954,-0.52193280673099,-0.542510087391198,-0.553105986351222,-0.554532433607464,-0.547624963918656,-0.533219112043527,-0.512150412740805,-0.485254400769221,-0.453366610887504,-0.417322577854383,-0.377957836428588,-0.336107921368848,-0.292608367433892,-0.248294709382449,-0.20400248197325,-0.160567219965024,-0.1188244581165,-0.0796097311864071,-0.043758573933475,-0.0121065211164333,0.0145108925059887,0.0353944097467814,0.0508519498474264,0.0616428515057262,0.0685285827565423,0.0722706116347358,0.0736304061751676,0.073369434412699,0.0722491643821909,0.0710310641185046,0.0704766016565014,0.071347245031042,0.0744044622769879,0.0804097214291999,0.0901244905225394,0.104310237591867,0.123728430672045,0.149140537797933,0.181308027004393,0.220992366326286,0.268955023798473
"5",2.66785445729486,2.45305390767572,2.23001905612279,2.00057183433543,1.76653417401297,1.52972800685479,1.29197526456023,1.05509787882864,0.820917781359379,0.591256903851798,0.367937178005248,0.152780535519085,-0.0523910919073393,-0.245755772574672,-0.42549157478356,-0.589776566834651,-0.73678881702859,-0.864706393666026,-0.971707365047606,-1.05596979947398,-1.11567707250656,-1.1501376989919,-1.16117052812493,-1.15093407379043,-1.12158684987316,-1.07528737025791,-1.01419414882946,-0.940465699472578,-0.856260536072043,-0.763737172512634,-0.665054122679126,-0.562369900456297,-0.457843019728923,-0.353631994381781,-0.251895338299648,-0.154791565367301,-0.064479189469516,0.0168832755089293,0.0871373156832586,0.144124417168695,0.18572376715059,0.211280181915563,0.222042381791748,0.219386328218966,0.204687982637035,0.179323306485776,0.144668261205009,0.102098808234553,0.05299090901423,-0.00127947501614189,-0.0593363824167421,-0.119803851747751,-0.181305921569347,-0.242466630441713,-0.301910016925027,-0.35826011957947,-0.410140976965221,-0.456176627642461,-0.494991110171369,-0.525208463112127,-0.54553252776605,-0.555861230894441,-0.557011708610218,-0.549824742282938,-0.535141113282152,-0.513801602977416,-0.486646992738284,-0.45451806393431,-0.418255597935048,-0.378700376110052,-0.336693179828875,-0.293074790461073,-0.248685989376199,-0.204367557943807,-0.160960277533452,-0.119304929514687,-0.0802422952570662,-0.0446131561301443,-0.0132582935034751,0.0129815112533873,0.0334052030854179,0.0483443917309075,0.0585935303450242,0.0649492553066006,0.0682082029944699,0.0691670097874639,0.068622312064416,0.0673707462041584,0.066208948585524,0.0659335555873455,0.0673412035884556,0.0712285289676867,0.0783921681038716,0.0896287573758432,0.105734933162434,0.127507331842477,0.155742589794804,0.191237343398248,0.234788229031642,0.287191883073819
"6",2.67143083020936,2.45781133772873,2.23561845296014,2.00670141180474,1.77290945016367,1.53609180393808,1.29809770902912,1.06077640133793,0.825977116765651,0.595549091213431,0.371341560582417,0.155203760773752,-0.0510150723114166,-0.245465702771945,-0.426298894706689,-0.591665412214502,-0.73971601939424,-0.868601480344756,-0.976472559164907,-1.06148001995355,-1.12177998762892,-1.15666508081922,-1.16796358572253,-1.15784688097766,-1.12848634522344,-1.08205335709866,-1.02071929524215,-0.946655538292735,-0.862033464889216,-0.769024453670414,-0.669799883275145,-0.566531132342225,-0.461389579510468,-0.356546603418693,-0.254173582705712,-0.156441896010344,-0.065522921971403,0.0164119607722949,0.0871913735819337,0.144643937818698,0.186636176907257,0.212508056990297,0.223513598416538,0.221034740998971,0.20645342455058,0.181151588884356,0.146511173813284,0.103914119150352,0.0547423647085485,0.000377850300860266,-0.0577974842597245,-0.118401699160219,-0.180052854587634,-0.241369010728985,-0.300968227771281,-0.357468565901537,-0.409488085306764,-0.455644846173976,-0.494556908690183,-0.524842333042399,-0.545199360343171,-0.555525975924151,-0.55664373059259,-0.54939793246701,-0.534633889665932,-0.513196910307875,-0.485932302511362,-0.453685374394913,-0.417301434077049,-0.377625789676292,-0.33550374931116,-0.291780621100177,-0.247301713161862,-0.202912333614737,-0.159457790577323,-0.117783392168139,-0.0787344465057083,-0.0431562617085504,-0.0118941458951867,0.014206592815862,0.0344419155208916,0.0491518511069524,0.0591443827351753,0.0652297008981725,0.0682179960885564,0.068919458798939,0.0681442795219331,0.0667026487501506,0.0654047569762038,0.065060794692705,0.0664809523922668,0.0704754205675011,0.0778543897110203,0.0894280503154369,0.106006592873363,0.128400207877411,0.157419085820193,0.193873417194321,0.238573392492408,0.292329202207067
"7",2.66900472420755,2.4558688596707,2.23414834406023,2.00569100198717,1.77234465806253,1.53595713689735,1.29837626310264,1.06144986128943,0.827025756068756,0.596951772051626,0.373075733849071,0.157245466072114,-0.0486912066682185,-0.242886459760904,-0.423492468594919,-0.588661408559237,-0.736545455042835,-0.865296783434689,-0.973067569123774,-1.05800998749907,-1.1182815685368,-1.15317501471265,-1.16451574827695,-1.15447188506479,-1.12521154091123,-1.07890283165136,-1.01771387312026,-0.943812781152992,-0.859367671584641,-0.766546660250285,-0.667517862985,-0.564449395623861,-0.459509374001946,-0.354865913954333,-0.252687131316097,-0.155141141922317,-0.0643960616080682,0.0173799937915721,0.088018908441527,0.145352566506719,0.187250693916792,0.213054115204855,0.224014664022349,0.221511889976642,0.206925342675104,0.181634571725103,0.147019126734008,0.104458557309188,0.0553324130580121,0.00102024358784805,-0.057098401493935,-0.117643972579968,-0.179236920062882,-0.240497694335309,-0.30004674578988,-0.356504524819225,-0.408491481815977,-0.454628067172766,-0.493534731282225,-0.523831924536982,-0.544220130227494,-0.55459736093017,-0.555783489637087,-0.548622102791534,-0.533956786836797,-0.512631128216162,-0.485488713372917,-0.453373128750349,-0.417127960791743,-0.377596795940388,-0.335623220639569,-0.292050821332574,-0.247723184462689,-0.203483896473201,-0.160176543807397,-0.118644712908564,-0.0797319902199878,-0.0442819621849561,-0.0131382152467554,0.0128556641513276,0.0329971699525435,0.0476264683318966,0.0575510542447961,0.0635806270276915,0.066524886017032,0.0671935305492666,0.0663962599608446,0.0649427735882152,0.0636427707678274,0.0633059508361307,0.0647420131295743,0.0687606569846072,0.0761715817376784,0.0877844867252378,0.104409071283734,0.126855034749616,0.155932076459333,0.192449895749335,0.237218191956071,0.29104666441599
"8",2.66955882036513,2.45723155509973,2.23613516548402,2.0081313398478,1.77508176652085,1.53884813383296,1.30129213011393,1.06427544369352,0.829659762901544,0.599306776067778,0.375078171522011,0.158835637594033,-0.0475591373863686,-0.242244465089407,-0.423358657185293,-0.589040025344239,-0.737426881236458,-0.866657536532161,-0.974870302901561,-1.06020349201487,-1.1208007957845,-1.15594651747038,-1.16746981489545,-1.1575441813838,-1.12834311025954,-1.08204009484674,-1.0208086284695,-0.946822204451901,-0.862254316118039,-0.769278456792001,-0.670068119797877,-0.566796798459756,-0.461637986101729,-0.356765176047884,-0.254351861622312,-0.156571536149101,-0.0655976929523417,0.016396174643877,0.0872365733154654,0.144750009738334,0.186800914935299,0.212728028915153,0.223785271205444,0.221354556004531,0.206817797510771,0.181556909922523,0.146953807438144,0.104390404255992,0.0552486145744248,0.000910352591800306,-0.0572424674935235,-0.117827931483189,-0.179464125178838,-0.240769134382113,-0.300361044894657,-0.35685794251811,-0.408877913054116,-0.455039042304317,-0.493959416070354,-0.52425712015387,-0.544630441236859,-0.554977708803603,-0.556121047663911,-0.548906345851399,-0.534179491399685,-0.512786372342384,-0.485572876713112,-0.453384892545487,-0.417068307873124,-0.377469010729641,-0.335432889148652,-0.291805831163775,-0.247433724808627,-0.203162458116822,-0.159837919121979,-0.118305995857713,-0.07941257635764,-0.0440035486553772,-0.0129248007845412,0.0129777792212522,0.0330006600682429,0.047492415743175,0.057273176933567,0.0631652986509981,0.0659911359070477,0.0665730437132947,0.0657333770813184,0.0642944910226979,0.0630787405490124,0.0629084806718411,0.0646060664027629,0.0689938527533575,0.0768941947352033,0.0891294473598802,0.106521965638967,0.129894104584043,0.160068219206687,0.197866664518479,0.244111795530997,0.299625967255821
"9",2.66937829959295,2.4567447547582,2.23542716574263,2.00728062890937,1.77416024062158,1.53792109724239,1.30041829513495,1.0635069306624,0.829042100187901,0.598878900074582,0.374872426685593,0.158877776384077,-0.0472499544668187,-0.241655669503951,-0.422484272364175,-0.587880666684344,-0.735989756101316,-0.864956444251945,-0.972925634773087,-1.05804223130159,-1.1184565055947,-1.15345677092896,-1.16487046151794,-1.15486857127913,-1.12562209413004,-1.07930202398818,-1.01807935477105,-0.944125080396158,-0.859610194781003,-0.766705691843094,-0.667582565499933,-0.564411809669027,-0.459364418267878,-0.354611385213993,-0.252323704424874,-0.154672369818028,-0.0638283753109591,0.0180372851788288,0.088753617733831,0.146149628436542,0.188092214314547,0.213921282885734,0.22489023439495,0.222380351026713,0.207772914965542,0.182449208395956,0.147790513502474,0.105178112469614,0.0559932874818957,0.00161732072383718,-0.0565685056200424,-0.117182909365224,-0.178844608327189,-0.24017232032142,-0.299784763163396,-0.356300654668599,-0.40833871265251,-0.454517654930611,-0.493456199318383,-0.523773063631307,-0.544167138802075,-0.554536943146852,-0.555704470517092,-0.548515469761947,-0.533815689730565,-0.512450879272095,-0.485266787235686,-0.453109162470489,-0.416823753825652,-0.377256310150324,-0.335252580293655,-0.291658313104794,-0.247319257432891,-0.203081162127095,-0.159789776036554,-0.118290848010419,-0.079430126897838,-0.0440533615479613,-0.0130063008099378,0.0128653064670833,0.0328581038696891,0.0473211040798322,0.0570749947228419,0.0629426883058564,0.065747097336014,0.0663111343204524,0.0654577117663099,0.0640097421807242,0.0627901380708333,0.0626218119437759,0.0643276763066894,0.068730643666712,0.0766536265309816,0.0889195374066366,0.106351288800815,0.129771793220654,0.160003963173293,0.197870711165869,0.24419494970552,0.299799591299385
"10",2.66871575742696,2.45684499485166,2.23613439239079,2.00845056582476,1.77566013093395,1.53962970349874,1.30222589929954,1.06531533411672,0.830764623730684,0.600440383921818,0.376209230470512,0.159937779157157,-0.046507354237858,-0.241259553934142,-0.422452204151307,-0.58821868910896,-0.736692393026713,-0.866006700124174,-0.974294994620956,-1.05969066073667,-1.12033247194895,-1.1555017244392,-1.1670288334401,-1.15708912669865,-1.12785793196187,-1.08151057697677,-1.02022238949037,-0.946168697249677,-0.861524828001704,-0.768466109493466,-0.669167869471976,-0.565805435684247,-0.460554135877292,-0.355589297798124,-0.253086249193757,-0.155220317811203,-0.064166831397476,0.0178988823004113,0.0888014955354457,0.146365680560613,0.188454066737475,0.214404866023379,0.225473124358626,0.223041992924951,0.20849462290409,0.183214165477779,0.148583771827754,0.10598659313575,0.0568057805835032,0.00242448535274873,-0.0557741413747769,-0.116406948417339,-0.1780907845932,-0.239442498720626,-0.299078939617881,-0.355616956103229,-0.407673396994934,-0.453865111111261,-0.492808947270473,-0.523121754290836,-0.543500684836185,-0.553844475037427,-0.554976842357797,-0.547745297992549,-0.532997353136938,-0.511580518986217,-0.484342306735642,-0.452130227580466,-0.415791792715946,-0.376174513337334,-0.334125900639886,-0.290493465818856,-0.246124720069498,-0.201867174587068,-0.158568340566819,-0.117075729204007,-0.0782368516938846,-0.0428992192317079,-0.011910343012731,0.0138822657677917,0.033774227118089,0.0481189900971351,0.0577441258754427,0.0634794420485791,0.066154746212112,0.0665998459616085,0.0656445488926359,0.0641186626007618,0.0628519946815533,0.0626743527305782,0.0644155443434034,0.0689053771155963,0.0769736586427246,0.0894501965203555,0.107164798344056,0.130947271709395,0.161627424211937,0.200035063447252,0.246999997010906,0.303352032498468
"11",2.67055454480535,2.45777753321136,2.23630858700761,2.0080045188645,1.7747221414524,1.53831826744173,1.30064970950286,1.06357328030618,0.828945792522091,0.59862405882098,0.374464891873236,0.158325104349252,-0.047938491080582,-0.242469081745875,-0.423409854976238,-0.588903998101277,-0.737094698450604,-0.866125143353826,-0.974138520140554,-1.0592780161404,-1.11969219188853,-1.15466872750052,-1.16603682932554,-1.15596958886909,-1.1266400976367,-1.08022144713386,-1.0188867288661,-0.944809034338929,-0.860161455057853,-0.767117082528388,-0.667849008256046,-0.564530323746338,-0.459334120504777,-0.354433490036875,-0.252001523848143,-0.154211313444096,-0.0632359503302427,0.0187514739879029,0.0895778680048291,0.147070140215023,0.189093126308568,0.214986081704255,0.226003585198367,0.223528219872313,0.208942568807506,0.183629215085355,0.148970741787273,0.106349731994669,0.0571487687889546,0.00275043525154082,-0.0554626855361618,-0.116108010492742,-0.177802956536789,-0.239164940586892,-0.29881137956164,-0.355359690379622,-0.407427289959428,-0.453631595219646,-0.492590023078866,-0.522919990455676,-0.543319181984999,-0.553686325168377,-0.554844712684377,-0.547641420238629,-0.532923523536761,-0.511538098284403,-0.484332220187185,-0.452152964950735,-0.415847408280683,-0.376262625882658,-0.334245693462289,-0.290643686725206,-0.246303681377037,-0.202072753123413,-0.158797977669962,-0.117326430722313,-0.0785051879860967,-0.043181325166941,-0.0122019179704758,0.0135859578976698,0.0334781938394327,0.0478272975361065,0.0574593552127976,0.0632026869556685,0.0658856128508812,0.0663364529845982,0.0653835274429817,0.063855156312194,0.0625796596783972,0.0623853576277541,0.0641005702464266,0.0685536176205772,0.0765728198363678,0.088986496979961,0.106622969137519,0.130310556395205,0.160877578839179,0.199152356555605,0.245963209630646,0.302138458150462
"12",2.67088217072892,2.45809053325236,2.23659821686845,2.00826294144336,1.77494242684326,1.53849439293434,1.30077655958278,1.06364664665476,0.828962374016454,0.598581461534042,0.374361629073705,0.158160596501622,-0.0481639163160258,-0.242754189513061,-0.423752503223304,-0.589301137580575,-0.737542372718695,-0.866618488771483,-0.974671765872762,-1.05984448415635,-1.12028429892677,-1.15527840167716,-1.16665643964223,-1.15659207098155,-1.12725895385471,-1.08083074642128,-1.01948110684083,-0.945383693272945,-0.8607121638772,-0.76764017681317,-0.668341390240434,-0.564989462318567,-0.459758051207146,-0.354820815065748,-0.252351412053949,-0.154523500331326,-0.0635107380574556,0.0185132166080853,0.0893747055057204,0.146900070475873,0.18895358896673,0.214874285178312,0.225916931502729,0.223464333008295,0.208899294763325,0.183604621836134,0.148963119295034,0.106357592208343,0.0571708456443723,0.00278568467143772,-0.0554150856421465,-0.116048660228066,-0.177732234018006,-0.239083001943652,-0.298718158936691,-0.355254899928807,-0.407310419851686,-0.453501913637013,-0.492446576216475,-0.522761602521757,-0.5431444712316,-0.553493943758483,-0.554633531342091,-0.547410532999014,-0.532672247745844,-0.51126597459917,-0.484039012575584,-0.451838660691676,-0.415512217964036,-0.375906983409257,-0.333870256043928,-0.290249334884639,-0.245891518947983,-0.201644107250549,-0.158354398808928,-0.11686969263971,-0.0780372877594878,-0.0427044831848503,-0.0117185779323888,0.0140731289813059,0.0339663539249701,0.0483137863495184,0.0579418541697601,0.0636792199159001,0.0663545461181437,0.0667964953066953,0.0658337300117605,0.0642949127635438,0.0630087060922499,0.0628037725280844,0.0645087746012521,0.0689523748419576,0.076963235780406,0.0893700199468025,0.107001389871352,0.130686008084259,0.161252537115729,0.199529639495967,0.246345977755177,0.302530214423565
"13",2.67137394934242,2.45808049685141,2.23617643795109,2.00751327133054,1.77394249567887,1.53731560968515,1.2994841120385,1.062299501428,0.827613276542752,0.597276936071841,0.373141978704365,0.157059903129419,-0.0491177919639039,-0.243539607886509,-0.424354045949303,-0.589709607463191,-0.73775479373908,-0.866638106087875,-0.974508045820483,-1.05951311424781,-1.11980717726065,-1.15468139168707,-1.16596436064439,-1.15582802036308,-1.1264443070736,-1.0799851570064,-1.01862250639196,-0.944528291460726,-0.859874448443172,-0.766832913569755,-0.667575623070937,-0.564274513177181,-0.459101520118949,-0.354228580126703,-0.251827629430903,-0.154070604262014,-0.0631294408504969,0.0188239245731866,0.0896175557785745,0.147079516535204,0.189075783655221,0.214946203482102,0.225945231010959,0.223455277755702,0.208858755230241,0.183538074948486,0.148875648424345,0.106253887171729,0.0570552027045476,0.00266200653670984,-0.0555432898178742,-0.116178274845295,-0.177860537031643,-0.239207664863008,-0.298837246825481,-0.355366871405152,-0.407414127088112,-0.45359660236045,-0.492531885708258,-0.522837565617625,-0.543211499803547,-0.553552611480195,-0.554684406461352,-0.547454174036032,-0.532709203493249,-0.511296784122018,-0.484064205211352,-0.451858756050267,-0.415527725927776,-0.375918404132895,-0.333878079954635,-0.290254042682013,-0.245893581604043,-0.201643986009738,-0.158352545188114,-0.116866548428183,-0.0780332850189611,-0.0427000442494619,-0.0117141154086998,0.0140772122143109,0.033969623346786,0.0483154700546407,0.0579407058325515,0.063673518144199,0.0663420944532636,0.0667746222234255,0.0657992889183655,0.0642442820017635,0.0629377889373001,0.062707997188656,0.0643830942195114,0.0687912674935464,0.0767607044744416,0.0891195926258776,0.106696119411535,0.130318472295093,0.160814838740233,0.199013406210635,0.245742362169981,0.301829894081948
"14",2.67222848835692,2.45878817598006,2.23674612112224,2.00795367935968,1.77426220626858,1.53752305742515,1.2995875884056,1.06230715478612,0.82753311214294,0.59711681605225,0.372909622090261,0.15676288583318,-0.0494720371427866,-0.243943791261433,-0.424801020946552,-0.590192370621937,-0.738266484711382,-0.867172007638681,-0.975057583827627,-1.06007185770201,-1.12036883868661,-1.15523991641299,-1.16651412597417,-1.15636386252557,-1.12696152122264,-1.08047949722081,-1.01909018567551,-0.944965981742181,-0.86027928057626,-0.767202477333182,-0.667907967168383,-0.564568145237297,-0.459355406695362,-0.354442146698013,-0.252000760400686,-0.154203642958816,-0.0632231895278401,0.0187682047368066,0.0895981446796883,0.147094235145369,0.18912200014776,0.215021071409147,0.226045998703855,0.223579309002755,0.209003529276716,0.18370118649661,0.149054807633307,0.106446919657678,0.0572600495405935,0.00287672425292391,-0.0553205292344598,-0.115949183950687,-0.177626712924887,-0.238970589186189,-0.298598285763723,-0.355127275686617,-0.407175031984002,-0.453359027685006,-0.49229673581876,-0.522605629414391,-0.54298344843498,-0.553328964003455,-0.554465503407873,-0.547240176731538,-0.532500094057753,-0.51109236546982,-0.483864101051042,-0.451662410884721,-0.415334405054162,-0.375727193642667,-0.333687886733537,-0.290063594410078,-0.24570142675559,-0.201448493853377,-0.158151905786742,-0.116658772638987,-0.0778162044934163,-0.0424713114333315,-0.0114712035420359,0.0143370090971678,0.0342490545374599,0.0486163239344674,0.0582633597709175,0.0640169363754206,0.0667038280765867,0.0671508092030257,0.066184654083348,0.0646321370461635,0.0633200324200819,0.063075114533714,0.0647241577156695,0.0690939362945584,0.0770112245989908,0.089302796957577,0.106795427698927,0.130315891151651,0.160690961644358,0.19874741350566,0.245312021064166,0.301211558648486
"15",2.67223738618143,2.45852635579722,2.23626613030423,2.00730426618061,1.77348831990449,1.53666584795398,1.29868440680723,1.06139155294235,0.826634842837489,0.596261832970767,0.372120079820314,0.15605713986426,-0.0500794304192634,-0.244442074552128,-0.425183236056205,-0.590455358453363,-0.738410885265473,-0.867202260014405,-0.974981926222031,-1.05990232741022,-1.12012126523228,-1.15493246520718,-1.16616404902578,-1.15598705879125,-1.12657253660674,-1.0800915245754,-1.01871506480038,-0.944614199384841,-0.859959970431926,-0.766923420044791,-0.667675590326589,-0.564387523380472,-0.459230261309592,-0.354374846217103,-0.251992320206157,-0.154253725379905,-0.0633301038415016,0.018607502305902,0.0893880509591528,0.146840500015099,0.188831706237816,0.2147018448549,0.225704983889002,0.223223100039672,0.208638170006457,0.183332170488905,0.148687078186565,0.106084869798984,0.0569075220257123,0.00253701156629663,-0.0556446848797139,-0.116255590612771,-0.177913728933327,-0.239237123141834,-0.298843796538742,-0.355351772424504,-0.407379074099571,-0.453543724864395,-0.492463748019428,-0.522757166865121,-0.543122241748431,-0.553457816971412,-0.55458694874215,-0.547356467208433,-0.532613202518052,-0.511203984818797,-0.483975644258457,-0.451775010984821,-0.415448915145679,-0.375844186888823,-0.333807656362039,-0.290186153713119,-0.245826509089852,-0.201575552640028,-0.158280114511437,-0.116787024851868,-0.0779431138091105,-0.0425952115309548,-0.0115901481651903,0.0142252461403932,0.0341468399050292,0.0485251339839186,0.0581833185667761,0.0639468135099891,0.0666410386699447,0.0670914139030298,0.0661233590656316,0.0645622940141373,0.0632336386049336,0.0629628126944082,0.064575236138948,0.06889632879494,0.0767515105187714,0.0889662011668294,0.106365820595501,0.129775788661173,0.160021525220233,0.197928450129069,0.244321983244066,0.300027544421612
"16",2.67266205951089,2.45888977710807,2.23657312949467,2.00755946071405,1.77369611480956,1.53683043582455,1.29880976780236,1.06148145478635,0.82669284081987,0.596291269946262,0.372124086208878,0.156038633651068,-0.0501177436838175,-0.24449770175243,-0.425253896511419,-0.590538983917436,-0.738505619927131,-0.867306460497154,-0.975094161584158,-1.06002137914479,-1.12024612703349,-1.15506229343663,-1.16629805219619,-1.15612448261288,-1.12671266398737,-1.08023367562037,-1.01885859681257,-0.944758506864653,-0.860104485077312,-0.76706761075124,-0.667818963187128,-0.564529621685668,-0.459370665547549,-0.354513174073464,-0.252128226564104,-0.15438690232016,-0.0634602806423237,0.0184805591687142,0.0892645378122621,0.146720575987629,0.188715493427801,0.214589434799988,0.225596445972126,0.223118482050814,0.208537498142652,0.183235449354239,0.148594290792172,0.105995977563052,0.0568224647734778,0.00245570753004733,-0.0557223390606397,-0.116329719891984,-0.177984479857388,-0.239304663850251,-0.298908316763975,-0.355413483491961,-0.407438208927609,-0.453600537964322,-0.492518515495499,-0.522810186414542,-0.543173828469482,-0.553508240640596,-0.554636385530011,-0.547404998437527,-0.532660814662939,-0.511250569506044,-0.48402099826664,-0.451818836244523,-0.41549081873949,-0.375883681051339,-0.333844158479866,-0.290218986324869,-0.245854899886144,-0.201598634463488,-0.158296925356698,-0.116796507865572,-0.0779441172899066,-0.0425864889294981,-0.0115703580841441,0.0142575399463587,0.034193106700889,0.0485864191041644,0.0582600386090159,0.0640387553688795,0.0667473595371904,0.0672106412673844,0.0662533907128971,0.0647003980271638,0.0633764533636199,0.0631063468757018,0.0647148687168445,0.0690268090404835,0.0768669580000543,0.0890601057489928,0.106431042440735,0.129804558228715,0.16000544326637,0.197858487707134,0.244188481704444,0.299820215411735
"17",2.67248461996257,2.45862308796619,2.23623831528062,2.00717599926561,1.77328183728094,1.53640152668639,1.29838076484172,1.06106524910672,0.82630067684115,0.595932745404786,0.3718071521574,0.155769594458766,-0.0503342303313439,-0.244658624853156,-0.425357891746898,-0.590586333652797,-0.738498253211081,-0.867247953061976,-0.97498973584571,-1.05987790420251,-1.12007211547143,-1.15486722314425,-1.16609085326094,-1.15591333258686,-1.12650498788734,-1.08003614592772,-1.01867713347334,-0.944598277289552,-0.859969904141681,-0.766962340795072,-0.667745914015066,-0.564490950567001,-0.459367777216219,-0.354546720728059,-0.25219810786786,-0.154492265400963,-0.0635995200927079,0.0183098012915656,0.0890653719865175,0.146496865226808,0.188471841346399,0.214330721664611,0.225327226015507,0.222842943193295,0.208259461992181,0.182958371206374,0.148321259630078,0.105729716057503,0.0565653292828545,0.00220968810033964,-0.0559556186958342,-0.11654900231146,-0.178188873952331,-0.23949364482424,-0.29908172613298,-0.355571529084344,-0.407581464884125,-0.453729944738115,-0.492635379852108,-0.522916181431897,-0.54327097316509,-0.55359859513387,-0.554721816377629,-0.547487172597038,-0.532741199492768,-0.51133043276549,-0.484101408115875,-0.451900661244593,-0.415574727852316,-0.375970143639714,-0.333933444307458,-0.290311165556219,-0.245949843086668,-0.201696012599475,-0.158396209795313,-0.116896970374851,-0.0780448300387599,-0.0426863244877114,-0.0116679894223761,0.0141636394565753,0.0341045833489927,0.0485044480476389,0.058185059078252,0.063970469418141,0.0666847320446149,0.0671518999349826,0.0661960260665529,0.0646411634166346,0.0633113649625368,0.0630306836815687,0.0646231725510387,0.068912884548256,0.0767238726505291,0.0888801898351677,0.10620588907948,0.129525023360775,0.159661645656362,0.19743980894355,0.243683566199647,0.299216970401963
"18",2.67252916609153,2.45876751843088,2.23646321444756,2.00746331739443,1.77361489052437,1.53676499709021,1.29876070034483,1.06144906354109,0.826677149931844,0.596292022769951,0.372140745308274,0.156070380799672,-0.0500720075029946,-0.244439356346866,-0.425184602479082,-0.590460682646783,-0.738420533597108,-0.867217092077198,-0.975003294834193,-1.05993207861523,-1.12016173723228,-1.15498626223974,-1.16623353685323,-1.15607429643701,-1.12667927635536,-1.08021921197256,-1.01886483865288,-0.94478689176059,-0.860156106659963,-0.767143218715274,-0.667918963290796,-0.564654075750803,-0.459519291459567,-0.354685345781363,-0.252322974080463,-0.154602911721141,-0.0636958940676702,0.0182273435156764,0.0889960656646253,0.146439537014903,0.188424915079118,0.214292442958633,0.225295954037311,0.22281717015849,0.208237813165505,0.182939604901693,0.148304267210392,0.105713521934938,0.0565490909186677,0.00219269600491796,-0.0559739409629744,-0.116569098141673,-0.17821105368784,-0.239518085758139,-0.299108472509234,-0.355600492097788,-0.407612422680464,-0.453762542413924,-0.492669129454834,-0.522950461959855,-0.543305038172528,-0.553631686525227,-0.554753252006581,-0.547516348519848,-0.532767589968289,-0.511353590255161,-0.484120963283724,-0.451916322957238,-0.41558628317896,-0.375977457852151,-0.333936460880069,-0.290309906165974,-0.245944407613124,-0.201686579124778,-0.158383034604197,-0.116880387954638,-0.0780252530793608,-0.0426642438816246,-0.0116439742646885,0.0141889418681885,0.0341304722754194,0.0485303523087094,0.0582106190740522,0.0639955375159048,0.0667093725787243,0.0671763892069679,0.0662208523450926,0.0646670269375554,0.0633391779288133,0.0630615702633237,0.0646584688855436,0.0689541387399298,0.0767728447709395,0.0889388519230299,0.106276425140658,0.129609829368281,0.159763329550356,0.19756119063134,0.24382767755569,0.299387055267863
"19",2.67238803549033,2.45860403372206,2.23628496175337,2.00727722893596,1.77342724462153,1.53658141816178,1.29858615890841,1.06128787621313,0.826532979427632,0.596167877903617,0.372038980992787,0.155992698046843,-0.050124561582514,-0.244466388543584,-0.425186373484665,-0.590438107054058,-0.738375179900061,-0.867151182670973,-0.974919706015096,-1.05983434058073,-1.12005403270843,-1.15487313549887,-1.16611924449388,-1.15596271954024,-1.12657392048472,-1.08012320717408,-1.01878093945511,-0.944717477174578,-0.860103180179248,-0.767108408315896,-0.667903521431295,-0.564658879372218,-0.459544841985435,-0.354731769117719,-0.252390020615842,-0.154689956326577,-0.0638019360966954,0.0181036802270304,0.0888565327978286,0.146286261768927,0.188260394046193,0.214119304044399,0.225116647186664,0.222633946686271,0.2080527257565,0.182754507610636,0.148120815461959,0.105533172523751,0.0563731020092954,0.00202212713187274,-0.0561382288952344,-0.116726442858744,-0.178360991545374,-0.239660351741842,-0.299243000234867,-0.355727413811166,-0.407732069257458,-0.45387544336046,-0.49277601290689,-0.523052254683467,-0.543402854659155,-0.553726665826169,-0.554846432127792,-0.547608663190934,-0.532859868642506,-0.511446558109417,-0.484215241218579,-0.452012427596903,-0.415684626871298,-0.376078348668676,-0.334040102615946,-0.29041639834002,-0.246053745467809,-0.201798653626221,-0.158497632442169,-0.116997191542563,-0.0781438405543133,-0.0427840891043304,-0.011764446819525,0.0140685766731923,0.0340110243120913,0.0484124915874773,0.0580947793618146,0.0638819158813991,0.0665979293925266,0.0670668481414927,0.0661127003745933,0.0645595143381236,0.0632313182783798,0.0629521404416574,0.0645460090742521,0.0688369524224595,0.0766489987325756,0.0888061762508959,0.106132513223716,0.129452037897332,0.159588778518039,0.197366763332133,0.24361002058591,0.299142578525665
"20",2.67230267668169,2.45863950260336,2.23642062672561,2.00749384982844,1.77370697269184,1.53690779609582,1.29894412082037,1.06166374764548,0.826914477351149,0.59654411071738,0.372400448524166,0.156331291551505,-0.0498155594206073,-0.244192303612174,-0.424951140243199,-0.590244268533684,-0.738223887703633,-0.86704219697305,-0.974851395561938,-1.0598036826903,-1.1200566156096,-1.15490365424119,-1.16617260738782,-1.15603419786579,-1.12665914849139,-1.08021818208093,-1.0188820214507,-0.944821389417009,-0.860207008796148,-0.767209602404418,-0.667999893058119,-0.564748603573548,-0.459626456767005,-0.35480417545479,-0.2524524824532,-0.154742100578536,-0.0638437526470951,0.0180718385248227,0.0888339501209192,0.146271859324895,0.188252735396798,0.214116802064689,0.225117832912178,0.222637487280548,0.208057424511084,0.182759303945069,0.148124784923786,0.105535526788519,0.0563731888805526,0.00201943054116914,-0.0561440888883473,-0.116735710066713,-0.178373773652644,-0.239676620304858,-0.29926259068207,-0.355750025442997,-0.407757265246355,-0.453902650750861,-0.492804522615231,-0.523081221498181,-0.543431306608194,-0.553753644342856,-0.554871099950764,-0.547630307139712,-0.532877899617487,-0.511460511091882,-0.484224775270686,-0.452017325861688,-0.415684796572681,-0.376073821111454,-0.334031033185798,-0.290403066503502,-0.246036554772357,-0.201778131700153,-0.158474430994682,-0.116972086363732,-0.078117731515095,-0.0427580001565605,-0.0117395259959191,0.0140910572590388,0.0340297241155013,0.048426412919478,0.0581034517290937,0.0638853968558324,0.0665968046111778,0.0670622313066137,0.066106233253624,0.0645533667636924,0.0632281881483026,0.0629552537189386,0.0645591197870843,0.0688643426642233,0.0766954786618394,0.0888770840914168,0.106233715264439,0.12958992849239,0.159770280086752,0.197599326359012,0.243901623620651,0.299501728183154
