"1","2","3","4","5","6","7","8","9","10","11","12","13","14","15","16","17","18","19","20","21","22","23","24","25","26","27","28","29","30","31","32","33","34","35","36","37","38","39","40","41","42","43","44","45","46","47","48","49","50","51","52","53","54","55","56","57","58","59","60","61","62","63","64","65","66","67","68","69","70","71","72","73","74","75","76","77","78","79","80","81","82","83","84","85","86","87","88","89","90","91","92","93","94","95","96","97","98","99","100"
"172",0.0131726012737156,-0.000232020203685077,8.61876630193299e-05,0.000262729323275196,0.000261901281877119,0.000446233327832622,0.000598909493990506,0.000642765044145691,0.000619797938178874,0.000521413198744493,0.000364026798329171,0.00020957434625333,0.000134660893433132,7.5694296056569e-05,0.000164995586789467,0.000265082789116976,0.000395033733181967,0.000469413453832332,-0.0005275038129408,-0.00144456702784058,-0.00168223458396628,-0.001794680912551,-0.00175835049477785,-0.0016928033703838,-0.00146546077769398,-0.00125253458387202,-0.000990761199816081,-0.000843988106339341,-0.000709489252785944,-0.000567896036735599,-0.000504417077975173,-0.000482508564275093,-0.000384042294391639,-0.000175065116023497,7.59758998150454e-05,0.000389015734437135,0.000710634394743148,0.00105824201742009,0.00134291825940826,0.00160653922336888,0.00187084394507796,0.00210995216665486,0.00246989870670535,0.00285803710346127,0.00321350753803223,0.00363607714204832,0.00408881961811783,0.00450295826333052,0.00503807475794217,0.00557996241598481,0.00615178367781877,0.00664802352733711,0.00718644817927886,0.00781039701293056,0.00851522774466198,0.00913041413801928,0.00987027772780869,0.0106119178321963,0.0114327362182272,0.0126129146345325,0.0135900745410321,0.0147709523797374,0.015875293361651,0.0172512396020956,0.0185669003029106,0.0200203407821212,0.0216741840818137,0.0233527507578262,0.025462051887616,0.0281850890765915,0.0306912229096978,0.0335667936702158,0.0366073262630577,0.0408572437807595,0.0451344758365442,0.0500500432085014,0.0556929844321183,0.0616745989849252,0.0681891259222341,0.0766598304066256,0.08453016713952,0.09422001809235,0.103990527198177,0.115725183899752,0.126401183096961,0.138169446809444,0.152256033935755,0.165560522453558,0.180812005175852,0.197267974381099,0.215375431742107,0.236466762113582,0.260834970553128,0.28827351043971,0.312881568537119,0.334212137354604,0.35171987618114,0.37086909253552,0.425395290975973,0.36719432134307
"173",0.0123950675477741,-0.000502726627371738,-0.0001194916257226,0.000124096458016733,0.000168223528125986,0.000371942326418555,0.000537778469661965,0.000592931375591898,0.000579075821503271,0.000487448613475433,0.000334561719943771,0.00018322422368366,0.000110280470293892,5.21869855368461e-05,0.000141456812433738,0.000240611116440284,0.000368946675120665,0.000441237917388944,-0.000555714713907868,-0.00147480011998773,-0.00171553862142192,-0.00182961470764065,-0.00179537417961351,-0.00173082299225365,-0.00150231854228188,-0.00128672850545626,-0.00102289310828335,-0.000874847252339307,-0.00074004095159396,-0.000598636925016779,-0.000535869247813916,-0.000514800982464204,-0.000416692145938576,-0.000208292208007066,4.25989938156649e-05,0.000355448852720893,0.000676386036053755,0.00102329222727328,0.00130709598090098,0.00156965230057838,0.00183313905541351,0.00207096711656967,0.00243050781522412,0.00281832045347802,0.00317413749075014,0.0035974654249173,0.00405007130305308,0.00446362571798978,0.00499778331578939,0.00553811627669116,0.00610782498322521,0.00660138418357432,0.00713892322524421,0.0077618295795829,0.00846715109545446,0.0090829019045259,0.00982150550163324,0.0105604369765512,0.0113764510027315,0.012549355182263,0.013517950473376,0.0146889196590708,0.015787094109268,0.017157631581632,0.0184707182192696,0.0199239678935803,0.021574113697917,0.0232476428193612,0.0253480123721839,0.0280588225760158,0.030549540364987,0.0334059469869987,0.0364340827805646,0.0406734342054849,0.0449484343740571,0.0498667166357112,0.0555111509216274,0.0614950742153957,0.0680043093340361,0.076469904216521,0.0842986100627523,0.0939539791828703,0.103705925628331,0.115416974285124,0.126092626766187,0.137894071383069,0.152046084713897,0.165430246637159,0.180764000679155,0.197308528004379,0.215476051426079,0.236610598957827,0.26108210023504,0.28862516552804,0.313303244579782,0.33463420799874,0.352050230583396,0.37110182933506,0.425397731871956,0.366892010246452
"174",0.0116175338218326,-0.000773433051058403,-0.00032517091446453,-1.45364072417307e-05,7.45457743748539e-05,0.000297651325004488,0.000476647445333422,0.000543097707038106,0.000538353704827667,0.000453484028206374,0.000305096641558371,0.000156874101113989,8.59000471546515e-05,2.86796750171232e-05,0.00011791803807801,0.000216139443763592,0.000342859617059364,0.000413062380945555,-0.000583925614874936,-0.00150503321213488,-0.00174884265887756,-0.00186454850273031,-0.00183239786444917,-0.0017688426141235,-0.00153917630686977,-0.00132092242704051,-0.00105502501675062,-0.000905706398339273,-0.000770592650401976,-0.00062937781329796,-0.000567321417652658,-0.000547093400653314,-0.000449341997485513,-0.000241519299990635,9.22208781628492e-06,0.000321881971004652,0.000642137677364361,0.000988342437126476,0.00127127370239371,0.00153276537778787,0.00179543416574907,0.00203198206648447,0.00239111692374289,0.00277860380349477,0.00313476744346804,0.00355885370778628,0.00401132298798833,0.00442429317264904,0.0049574918736366,0.00549627013739751,0.00606386628863165,0.00655474483981153,0.00709139827120955,0.00771326214623524,0.00841907444624695,0.00903538967103253,0.00977273327545779,0.0105089561209061,0.0113201657872357,0.0124857957299935,0.0134458264057199,0.0146068869384042,0.015698894856885,0.0170640235611684,0.0183745361356287,0.0198275950050395,0.0214740433140204,0.0231425348808961,0.0252339728567519,0.0279325560754401,0.0304078578202762,0.0332451003037816,0.0362608392980714,0.0404896246302103,0.04476239291157,0.049683390062921,0.0553293174111365,0.0613155494458663,0.067819492745838,0.0762799780264164,0.0840670529859847,0.0936879402733905,0.103421324058484,0.115108764670497,0.125784070435413,0.137618695956695,0.15183613549204,0.16529997082076,0.180715996182458,0.197349081627659,0.215576671110051,0.236754435802072,0.261329229916952,0.288976820616369,0.313724920622445,0.335056278642877,0.352380584985653,0.371334566134599,0.42540017276794,0.366589699149834
"175",0.0108400000958911,-0.00104413947474506,-0.000530850203206463,-0.000153169272500194,-1.91319793762783e-05,0.00022336032359042,0.00041551642100488,0.000493264038484313,0.000497631588152063,0.000419519442937314,0.000275631563172971,0.000130523978544319,6.15196240154112e-05,5.17236449740037e-06,9.4379263722282e-05,0.0001916677710869,0.000316772558998062,0.000384886844502168,-0.000612136515842005,-0.00153526630428203,-0.00178214669633319,-0.00189948229781997,-0.00186942154928484,-0.00180686223599335,-0.00157603407145767,-0.00135511634862475,-0.00108715692521789,-0.000936565544339239,-0.000801144349209992,-0.00066011870157914,-0.0005987735874914,-0.000579385818842424,-0.00048199184903245,-0.000274746391974203,-2.41548181830951e-05,0.00028831508928841,0.000607889318674968,0.000953392646979671,0.00123545142388643,0.00149587845499736,0.00175772927608463,0.00199299701639928,0.00235172603226165,0.00273888715351152,0.00309539739618594,0.00352024199065526,0.00397257467292358,0.0043849606273083,0.00491720043148381,0.00545442399810386,0.00601990759403808,0.00650810549604874,0.00704387331717489,0.00766469471288758,0.00837099779703944,0.00898787743753915,0.00972396104928233,0.010457475265261,0.0112638805717399,0.012422236277724,0.0133737023380638,0.0145248542177375,0.015610695604502,0.0169704155407048,0.0182783540519878,0.0197312221164986,0.0213739729301238,0.023037426942431,0.0251199333413199,0.0278062895748644,0.0302661752755654,0.0330842536205645,0.0360875958155783,0.0403058150549358,0.0445763514490829,0.0495000634901307,0.0551474839006456,0.0611360246763368,0.0676346761576399,0.0760900518363117,0.083835495909217,0.0934219013639107,0.103136722488638,0.114800555055869,0.125475514104639,0.137343320530321,0.151626186270182,0.165169695004361,0.180667991685761,0.197389635250939,0.215677290794023,0.236898272646317,0.261576359598864,0.289328475704699,0.314146596665108,0.335478349287014,0.35271093938791,0.371567302934138,0.425402613663923,0.366287388053216
"176",0.0100624663699496,-0.00131484589843172,-0.00073652949194839,-0.000291802137758656,-0.00011280973312741,0.000149069322176354,0.00035438539667634,0.000443430369930521,0.00045690947147646,0.000385554857668255,0.000246166484787571,0.000104173855974649,3.71392008761715e-05,-1.83349460223221e-05,7.08404893665542e-05,0.000167196098410209,0.000290685500936761,0.00035671130805878,-0.000640347416809072,-0.00156549939642918,-0.00181545073378883,-0.00193441609290962,-0.0019064452341205,-0.00184488185786319,-0.00161289183604557,-0.00138931027020899,-0.00111928883368515,-0.000967424690339204,-0.000831696048018008,-0.000690859589860321,-0.000630225757330141,-0.000611678237031534,-0.000514641700579386,-0.000307973483957771,-5.75317241824747e-05,0.000254748207572169,0.000573640959985575,0.000918442856832867,0.00119962914537915,0.00145899153220686,0.00172002438642019,0.00195401196631408,0.00231233514078042,0.00269917050352827,0.00305602734890384,0.00348163027352424,0.00393382635785883,0.00434562808196756,0.00487690898933103,0.00541257785881021,0.00597594889944452,0.00646146615228596,0.00699634836314024,0.00761612727953992,0.00832292114783192,0.00894036520404578,0.00967518882310688,0.0104059944096159,0.0112075953562441,0.0123586768254545,0.0133015782704078,0.0144428214970709,0.015522496352119,0.0168768075202413,0.0181821719683468,0.0196348492279578,0.0212739025462272,0.0229323190039659,0.0250058938258878,0.0276800230742887,0.0301244927308546,0.0329234069373474,0.0359143523330851,0.0401220054796612,0.0443903099865959,0.0493167369173405,0.0549656503901546,0.0609564999068073,0.0674498595694419,0.0759001256462071,0.0836039388324493,0.0931558624544309,0.102852120918791,0.114492345441242,0.125166957773865,0.137067945103946,0.151416237048324,0.165039419187963,0.180619987189064,0.197430188874219,0.215777910477995,0.237042109490562,0.261823489280776,0.289680130793029,0.31456827270777,0.335900419931151,0.353041293790167,0.371800039733677,0.425405054559907,0.365985076956598
"177",0.00928493264400815,-0.00158555232211839,-0.000942208780690323,-0.000430435003017119,-0.000206487486878542,7.47783207622862e-05,0.000293254372347798,0.000393596701376728,0.000416187354800856,0.000351590272399196,0.000216701406402171,7.78237334049788e-05,1.27587777369313e-05,-4.18422565420449e-05,4.7301715010826e-05,0.000142724425733517,0.00026459844287546,0.000328535771615393,-0.000668558317776141,-0.00159573248857633,-0.00184875477124447,-0.00196934988799928,-0.00194346891895616,-0.00188290147973304,-0.00164974960063347,-0.00142350419179324,-0.00115142074215242,-0.000998283836339171,-0.000862247746826024,-0.000721600478141501,-0.000661677927168883,-0.000643970655220645,-0.000547291552126323,-0.00034120057594134,-9.09086301818551e-05,0.000221181325855928,0.000539392601296181,0.000883493066686062,0.00116380686687188,0.00142210460941635,0.00168231949675575,0.00191502691622889,0.00227294424929919,0.00265945385354501,0.00301665730162174,0.00344301855639321,0.00389507804279408,0.00430629553662682,0.00483661754717824,0.00537073171951656,0.00593199020485095,0.00641482680852317,0.00694882340910558,0.00756755984619226,0.00827484449862441,0.00889285297055241,0.00962641659693143,0.0103545135539708,0.0111513101407483,0.0122951173731849,0.0132294542027517,0.0143607887764043,0.015434297099736,0.0167831994997777,0.0180859898847059,0.0195384763394169,0.0211738321623305,0.0228272110655009,0.0248918543104558,0.027553756573713,0.0299828101861438,0.0327625602541303,0.035741108850592,0.0399381959043866,0.0442042685241088,0.0491334103445503,0.0547838168796637,0.0607769751372778,0.0672650429812438,0.0757101994561025,0.0833723817556817,0.0928898235449511,0.102567519348945,0.114184135826614,0.124858401443091,0.136792569677572,0.151206287826467,0.164909143371564,0.180571982692367,0.197470742497499,0.215878530161967,0.237185946334807,0.262070618962688,0.290031785881359,0.314989948750433,0.336322490575287,0.353371648192423,0.372032776533216,0.42540749545589,0.36568276585998
"178",0.00850739891806665,-0.00185625874580505,-0.00114788806943225,-0.000569067868275583,-0.000300165240629675,4.87319348218792e-07,0.000232123348019256,0.000343763032822935,0.000375465238125253,0.000317625687130137,0.000187236328016771,5.14736108353086e-05,-1.1621645402309e-05,-6.53495670617678e-05,2.37629406550978e-05,0.000118252753056825,0.000238511384814158,0.000300360235172005,-0.000696769218743209,-0.00162596558072348,-0.00188205880870011,-0.00200428368308893,-0.00198049260379182,-0.00192092110160289,-0.00168660736522137,-0.00145769811337748,-0.00118355265061969,-0.00102914298233914,-0.000892799445634041,-0.000752341366422682,-0.000693130097007626,-0.000676263073409755,-0.00057994140367326,-0.000374427667924909,-0.000124285536181235,0.000187614444139686,0.000505144242606788,0.000848543276539257,0.0011279845883646,0.00138521768662584,0.00164461460709131,0.00187604186614369,0.00223355335781796,0.00261973720356176,0.00297728725433965,0.00340440683926219,0.00385632972772933,0.00426696299128608,0.00479632610502545,0.00532888558022291,0.00588803151025739,0.00636818746476038,0.00690129845507093,0.0075189924128446,0.0082267678494169,0.00884534073705903,0.00957764437075598,0.0103030326983257,0.0110950249252525,0.0122315579209154,0.0131573301350956,0.0142787560557376,0.015346097847353,0.0166895914793141,0.017989807801065,0.0194421034508761,0.0210737617784339,0.0227221031270358,0.0247778147950238,0.0274274900731372,0.029841127641433,0.0326017135709132,0.0355678653680988,0.039754386329112,0.0440182270616217,0.0489500837717601,0.0546019833691728,0.0605974503677483,0.0670802263930458,0.0755202732659978,0.083140824678914,0.0926237846354713,0.102282917779098,0.113875926211986,0.124549845112317,0.136517194251197,0.150996338604609,0.164778867555165,0.180523978195671,0.197511296120779,0.215979149845939,0.237329783179052,0.2623177486446,0.290383440969688,0.315411624793096,0.336744561219424,0.35370200259468,0.372265513332755,0.425409936351874,0.365380454763362
"179",0.00772986519212516,-0.00212696516949171,-0.00135356735817419,-0.000707700733534048,-0.000393842994380806,-7.38036820658486e-05,0.000170992323690715,0.000293929364269142,0.000334743121449648,0.000283661101861077,0.00015777124963137,2.5123488265638e-05,-3.60020685415493e-05,-8.88568775814907e-05,2.24166299369793e-07,9.37810803801328e-05,0.000212424326752857,0.000272184698728617,-0.000724980119710277,-0.00165619867287063,-0.00191536284615575,-0.00203921747817859,-0.00201751628862748,-0.00195894072347274,-0.00172346512980927,-0.00149189203496172,-0.00121568455908696,-0.0010600021283391,-0.000923351144442057,-0.000783082254703863,-0.000724582266846368,-0.000708555491598865,-0.000612591255220197,-0.000407654759908478,-0.000157662442180615,0.000154047562423445,0.000470895883917394,0.000813593486392452,0.00109216230985732,0.00134833076383534,0.00160690971742686,0.0018370568160585,0.00219416246633673,0.00258002055357851,0.00293791720705755,0.00336579512213117,0.00381758141266458,0.00422763044594534,0.00475603466287266,0.00528703944092926,0.00584407281566382,0.00632154812099759,0.00685377350103627,0.00747042497949694,0.00817869120020938,0.00879782850356566,0.00952887214458053,0.0102515518426805,0.0110387397097567,0.0121679984686459,0.0130852060674395,0.014196723335071,0.01525789859497,0.0165959834588505,0.0178936257174241,0.0193457305623352,0.0209736913945373,0.0226169951885707,0.0246637752795917,0.0273012235725615,0.0296994450967222,0.0324408668876961,0.0353946218856057,0.0395705767538374,0.0438321855991346,0.0487667571989699,0.0544201498586819,0.0604179255982188,0.0668954098048477,0.0753303470758932,0.0829092676021463,0.0923577457259915,0.101998316209252,0.113567716597359,0.124241288781543,0.136241818824823,0.150786389382751,0.164648591738766,0.180475973698974,0.197551849744059,0.216079769529911,0.237473620023297,0.262564878326512,0.290735096058018,0.315833300835758,0.337166631863561,0.354032356996937,0.372498250132294,0.425412377247857,0.365078143666744
"180",0.00695233146618367,-0.00239767159317837,-0.00155924664691612,-0.000846333598792512,-0.000487520748131939,-0.000148094683479916,0.000109861299362173,0.000244095695715349,0.000294021004774045,0.000249696516592017,0.00012830617124597,-1.22663430403224e-06,-6.03824916807896e-05,-0.000112364188101214,-2.33146080563587e-05,6.93094077034412e-05,0.000186337268691556,0.000244009162285229,-0.000753191020677345,-0.00168643176501779,-0.00194866688361139,-0.00207415127326825,-0.00205453997346314,-0.00199696034534258,-0.00176032289439717,-0.00152608595654597,-0.00124781646755423,-0.00109086127433907,-0.000953902843250073,-0.000813823142985043,-0.00075603443668511,-0.000740847909787976,-0.000645241106767134,-0.000440881851892046,-0.000191039348179995,0.000120480680707203,0.000436647525228001,0.000778643696245647,0.00105634003135004,0.00131144384104483,0.00156920482776242,0.0017980717659733,0.0021547715748555,0.00254030390359526,0.00289854715977545,0.00332718340500015,0.00377883309759982,0.0041882979006046,0.00471574322071988,0.00524519330163561,0.00580011412107026,0.0062749087772348,0.00680624854700161,0.00742185754614928,0.00813061455100187,0.00875031627007229,0.00948009991840507,0.0102000709870354,0.0109824544942609,0.0121044390163764,0.0130130819997834,0.0141146906144044,0.0151696993425869,0.016502375438387,0.0177974436337831,0.0192493576737943,0.0208736210106407,0.0225118872501056,0.0245497357641597,0.0271749570719858,0.0295577625520114,0.032280020204479,0.0352213784031125,0.0393867671785629,0.0436461441366475,0.0485834306261797,0.054238316348191,0.0602384008286893,0.0667105932166496,0.0751404208857886,0.0826777105253787,0.0920917068165117,0.101713714639405,0.113259506982731,0.123932732450768,0.135966443398448,0.150576440160894,0.164518315922368,0.180427969202277,0.197592403367339,0.216180389213883,0.237617456867542,0.262812008008424,0.291086751146348,0.316254976878421,0.337588702507698,0.354362711399193,0.372730986931834,0.425414818143841,0.364775832570126
"181",0.00617479774024217,-0.00266837801686504,-0.00176492593565805,-0.000984966464050975,-0.000581198501883072,-0.000222385684893983,4.87302750336314e-05,0.000194262027161556,0.000253298888098441,0.000215731931322958,9.88410928605699e-05,-2.75767568737024e-05,-8.47629148200299e-05,-0.000135871498620936,-4.68533824120867e-05,4.48377350267492e-05,0.000160250210630254,0.000215833625841841,-0.000781401921644414,-0.00171666485716494,-0.00198197092106703,-0.0021090850683579,-0.0020915636582988,-0.00203497996721243,-0.00179718065898506,-0.00156027987813021,-0.0012799483760215,-0.00112172042033903,-0.000984454542058089,-0.000844564031266224,-0.000787486606523852,-0.000773140327977086,-0.000677890958314071,-0.000474108943875615,-0.000224416254179376,8.69137989909618e-05,0.000402399166538607,0.000743693906098842,0.00102051775284277,0.00127455691825432,0.00153149993809798,0.00175908671588811,0.00211538068337427,0.002500587253612,0.00285917711249335,0.00328857168786912,0.00374008478253507,0.00414896535526387,0.00467545177856709,0.00520334716234196,0.00575615542647669,0.00622826943347201,0.00675872359296696,0.00737329011280162,0.00808253790179436,0.00870280403657891,0.00943132769222962,0.0101485901313903,0.0109261692787651,0.0120408795641069,0.0129409579321273,0.0140326578937377,0.0150815000902039,0.0164087674179234,0.0177012615501422,0.0191529847852535,0.0207735506267441,0.0224067793116406,0.0244356962487277,0.0270486905714101,0.0294160800073006,0.0321191735212619,0.0350481349206194,0.0392029576032883,0.0434601026741604,0.0484001040533894,0.0540564828377001,0.0600588760591599,0.0665257766284516,0.0749504946956839,0.082446153448611,0.0918256679070319,0.101429113069559,0.112951297368103,0.123624176119994,0.135691067972074,0.150366490939036,0.164388040105969,0.18037996470558,0.197632956990618,0.216281008897855,0.237761293711787,0.263059137690336,0.291438406234677,0.316676652921084,0.338010773151835,0.35469306580145,0.372963723731373,0.425417259039824,0.364473521473508
"182",0.00539726401430067,-0.0029390844405517,-0.00197060522439998,-0.00112359932930944,-0.000674876255634203,-0.000296676686308051,-1.24007492949111e-05,0.000144428358607764,0.000212576771422837,0.000181767346053899,6.93760144751696e-05,-5.39268794433726e-05,-0.00010914333795927,-0.000159378809140659,-7.03921567678151e-05,2.03660623500572e-05,0.000134163152568953,0.000187658089398453,-0.000809612822611482,-0.00174689794931209,-0.00201527495852267,-0.00214401886344756,-0.00212858734313447,-0.00207299958908228,-0.00183403842357296,-0.00159447379971446,-0.00131208028448876,-0.001152579566339,-0.00101500624086611,-0.000875304919547405,-0.000818938776362594,-0.000805432746166197,-0.000710540809861007,-0.000507336035859184,-0.000257793160178756,5.33469172747205e-05,0.000368150807849213,0.000708744115952037,0.00098469547433549,0.00123766999546382,0.00149379504843354,0.00172010166580291,0.00207598979189303,0.00246087060362875,0.00281980706521125,0.0032499599707381,0.00370133646747032,0.00410963280992313,0.0046351603364143,0.00516150102304831,0.00571219673188313,0.00618163008970922,0.0067111986389323,0.00732472267945396,0.00803446125258684,0.00865529180308554,0.00938255546605417,0.0100971092757452,0.0108698840632694,0.0119773201118373,0.0128688338644712,0.0139506251730711,0.0149933008378209,0.0163151593974598,0.0176050794665013,0.0190566118967126,0.0206734802428474,0.0223016713731755,0.0243216567332956,0.0269224240708344,0.0292743974625898,0.0319583268380448,0.0348748914381262,0.0390191480280137,0.0432740612116733,0.0482167774805992,0.0538746493272091,0.0598793512896304,0.0663409600402535,0.0747605685055793,0.0822145963718433,0.0915596289975522,0.101144511499713,0.112643087753476,0.12331561978922,0.1354156925457,0.150156541717178,0.16425776428957,0.180331960208883,0.197673510613898,0.216381628581827,0.237905130556033,0.263306267372248,0.291790061323007,0.317098328963747,0.338432843795971,0.355023420203707,0.373196460530912,0.425419699935807,0.36417121037689
"183",0.00461973028835918,-0.00320979086423836,-0.00217628451314191,-0.0012622321945679,-0.000768554009385336,-0.000370967687722118,-7.35317736234528e-05,9.45946900539709e-05,0.000171854654747233,0.000147802760784839,3.99109360897696e-05,-8.02770020130428e-05,-0.00013352376109851,-0.000182886119660382,-9.39309311235431e-05,-4.10561032663476e-06,0.000108076094507651,0.000159482552955065,-0.00083782372357855,-0.00177713104145924,-0.0020485789959783,-0.00217895265853721,-0.00216561102797013,-0.00211101921095213,-0.00187089618816086,-0.0016286677212987,-0.00134421219295603,-0.00118343871233897,-0.00104555793967412,-0.000906045807828585,-0.000850390946201336,-0.000837725164355307,-0.000743190661407945,-0.000540563127842752,-0.000291170066178136,1.97800355584788e-05,0.00033390244915982,0.000673794325805232,0.000948873195828213,0.00120078307267331,0.0014560901587691,0.00168111661571772,0.0020365989004118,0.0024211539536455,0.00278043701792916,0.00321134825360708,0.00366258815240557,0.00407030026458239,0.00459486889426151,0.00511965488375466,0.00566823803728956,0.00613499074594643,0.00666367368489764,0.0072761552461063,0.00798638460337933,0.00860777956959217,0.00933378323987872,0.0100456284201001,0.0108135988477736,0.0119137606595678,0.0127967097968151,0.0138685924524045,0.0149051015854379,0.0162215513769962,0.0175088973828604,0.0189602390081718,0.0205734098589508,0.0221965634347104,0.0242076172178636,0.0267961575702587,0.029132714917879,0.0317974801548277,0.0347016479556331,0.0388353384527391,0.0430880197491863,0.048033450907809,0.0536928158167182,0.0596998265201009,0.0661561434520555,0.0745706423154747,0.0819830392950757,0.0912935900880724,0.100859909929866,0.112334878138848,0.123007063458446,0.135140317119325,0.149946592495321,0.164127488473171,0.180283955712186,0.197714064237178,0.216482248265799,0.238048967400278,0.26355339705416,0.292141716411337,0.317520005006409,0.338854914440108,0.355353774605964,0.373429197330451,0.425422140831791,0.363868899280272
"184",0.00384219656241769,-0.00348049728792503,-0.00238196380188384,-0.00140086505982637,-0.000862231763136469,-0.000445258689136186,-0.000134662797951994,4.47610215001778e-05,0.000131132538071629,0.000113838175515779,1.04458577043692e-05,-0.000106627124582713,-0.00015790418423775,-0.000206393430180105,-0.000117469705479271,-2.85772830033268e-05,8.19890364463496e-05,0.000131307016511678,-0.000866034624545618,-0.00180736413360639,-0.00208188303343394,-0.00221388645362687,-0.00220263471280579,-0.00214903883282197,-0.00190775395274876,-0.00166286164288294,-0.0013763441014233,-0.00121429785833893,-0.00107610963848214,-0.000936786696109766,-0.000881843116040078,-0.000870017582544418,-0.000775840512954881,-0.000573790219826321,-0.000324546972177516,-1.37868461577625e-05,0.000299654090470427,0.000638844535658427,0.000913050917320936,0.0011638961498828,0.00141838526910466,0.00164213156563252,0.00199720800893057,0.00238143730366225,0.00274106697064706,0.00317273653647606,0.00362383983734082,0.00403096771924165,0.00455457745210873,0.00507780874446101,0.005624279342696,0.00608835140218364,0.00661614873086299,0.00722758781275864,0.00793830795417182,0.00856026733609879,0.00928501101370327,0.009994147564455,0.0107573136322778,0.0118502012072983,0.012724585729159,0.0137865597317378,0.0148169023330549,0.0161279433565327,0.0174127152992194,0.0188638661196309,0.0204733394750542,0.0220914554962453,0.0240935777024316,0.026669891069683,0.0289910323731682,0.0316366334716106,0.0345284044731399,0.0386515288774645,0.0429019782866992,0.0478501243350188,0.0535109823062273,0.0595203017505714,0.0659713268638574,0.07438071612537,0.081751482218308,0.0910275511785926,0.10057530836002,0.11202666852422,0.122698507127672,0.134864941692951,0.149736643273463,0.163997212656772,0.180235951215489,0.197754617860458,0.216582867949771,0.238192804244523,0.263800526736072,0.292493371499667,0.317941681049072,0.339276985084245,0.35568412900822,0.37366193412999,0.425424581727774,0.363566588183654
"185",0.00306466283647619,-0.00375120371161169,-0.00258764309062578,-0.00153949792508483,-0.000955909516887601,-0.000519549690550253,-0.000195793822280536,-5.07264705361523e-06,9.04104213960258e-05,7.98735902467199e-05,-1.90192206810307e-05,-0.000132977247152384,-0.000182284607376991,-0.000229900740699828,-0.000141008479835,-5.30489556800183e-05,5.59019783850485e-05,0.00010313148006829,-0.000894245525512686,-0.00183759722575354,-0.00211518707088958,-0.00224882024871653,-0.00223965839764145,-0.00218705845469182,-0.00194461171733666,-0.00169705556446719,-0.00140847600989057,-0.0012451570043389,-0.00110666133729015,-0.000967527584390947,-0.00091329528587882,-0.000902310000733528,-0.000808490364501819,-0.00060701731180989,-0.000357923878176896,-4.73537278740039e-05,0.000265405731781033,0.000603894745511622,0.000877228638813659,0.0011270092270923,0.00138068037944021,0.00160314651554733,0.00195781711744934,0.00234172065367899,0.00270169692336496,0.00313412481934504,0.00358509152227607,0.00399163517390091,0.00451428600995594,0.00503596260516736,0.00558032064810244,0.00604171205842086,0.00656862377682833,0.00717902037941098,0.0078902313049643,0.00851275510260542,0.00923623878752781,0.0099426667088099,0.010701028416782,0.0117866417550288,0.0126524616615029,0.0137045270110712,0.0147287030806719,0.0160343353360691,0.0173165332155785,0.01876749323109,0.0203732690911576,0.0219863475577803,0.0239795381869995,0.0265436245691073,0.0288493498284574,0.0314757867883935,0.0343551609906468,0.03846771930219,0.0427159368242121,0.0476667977622286,0.0533291487957364,0.0593407769810419,0.0657865102756593,0.0741907899352654,0.0815199251415403,0.0907615122691128,0.100290706790173,0.111718458909593,0.122389950796898,0.134589566266576,0.149526694051605,0.163866936840374,0.180187946718792,0.197795171483738,0.216683487633743,0.238336641088768,0.264047656417984,0.292845026587996,0.318363357091735,0.339699055728382,0.356014483410477,0.373894670929529,0.425427022623758,0.363264277087035
"186",0.0022871291105347,-0.00402191013529835,-0.0027933223793677,-0.00167813079034329,-0.00104958727063873,-0.00059384069196432,-0.000256924846609077,-5.49063156074065e-05,4.96883047204227e-05,4.5909004977661e-05,-4.84842990664307e-05,-0.000159327369722053,-0.00020666503051623,-0.000253408051219551,-0.000164547254190727,-7.75206283567099e-05,2.98149203237473e-05,7.49559436249024e-05,-0.000922456426479754,-0.00186783031790069,-0.00214849110834522,-0.00228375404380618,-0.00227668208247711,-0.00222507807656167,-0.00198146948192456,-0.00173124948605143,-0.00144060791835784,-0.00127601615033886,-0.00113721303609817,-0.000998268472672127,-0.000944747455717562,-0.000934602418922638,-0.000841140216048755,-0.000640244403793458,-0.000391300784176276,-8.09206095902447e-05,0.00023115737309164,0.000568944955364818,0.000841406360306382,0.00109012230430179,0.00134297548977577,0.00156416146546213,0.00191842622596811,0.00230200400369574,0.00266232687608286,0.00309551310221401,0.00354634320721132,0.00395230262856017,0.00447399456780315,0.00499411646587371,0.00553636195350887,0.00599507271465807,0.00652109882279368,0.00713045294606332,0.00784215465575679,0.00846524286911205,0.00918746656135236,0.00989118585316479,0.0106447432012862,0.0117230823027592,0.0125803375938468,0.0136224942904046,0.0146405038282889,0.0159407273156055,0.0172203511319376,0.0186711203425492,0.020273198707261,0.0218812396193152,0.0238654986715675,0.0264173580685316,0.0287076672837466,0.0313149401051764,0.0341819175081537,0.0382839097269154,0.042529895361725,0.0474834711894384,0.0531473152852455,0.0591612522115124,0.0656016936874613,0.0740008637451608,0.0812883680647727,0.090495473359633,0.100006105220327,0.111410249294965,0.122081394466124,0.134314190840202,0.149316744829748,0.163736661023975,0.180139942222095,0.197835725107018,0.216784107317715,0.238480477933013,0.264294786099897,0.293196681676326,0.318785033134397,0.340121126372519,0.356344837812734,0.374127407729068,0.425429463519741,0.362961965990417
"187",0.00150959538459322,-0.00429261655898501,-0.00299900166810964,-0.00181676365560176,-0.00114326502438986,-0.000668131693378387,-0.000318055870937618,-0.0001047399841612,8.9661880448186e-06,1.19444197086011e-05,-7.79493774518307e-05,-0.000185677492291724,-0.000231045453655471,-0.000276915361739274,-0.000188086028546456,-0.000101992301033402,3.72786226244616e-06,4.67804071815143e-05,-0.000950667327446822,-0.00189806341004784,-0.00218179514580086,-0.00231868783889584,-0.00231370576731277,-0.00226309769843152,-0.00201832724651245,-0.00176544340763567,-0.00147273982682511,-0.00130687529633883,-0.00116776473490619,-0.00102900936095331,-0.000976199625556304,-0.000966894837111748,-0.000873790067595692,-0.000673471495777027,-0.000424677690175656,-0.000114487491306486,0.000196909014402246,0.000533995165218013,0.000805584081799105,0.00105323538151128,0.00130527060011133,0.00152517641537694,0.00187903533448688,0.00226228735371249,0.00262295682880077,0.00305690138508299,0.00350759489214657,0.00391297008321943,0.00443370312565037,0.00495227032658006,0.00549240325891531,0.00594843337089528,0.00647357386875902,0.00708188551271566,0.00779407800654928,0.00841773063561867,0.00913869433517691,0.00983970499751968,0.0105884579857904,0.0116595228504897,0.0125082135261907,0.0135404615697379,0.0145523045759059,0.0158471192951419,0.0171241690482966,0.0185747474540083,0.0201731283233643,0.0217761316808501,0.0237514591561355,0.0262910915679559,0.0285659847390358,0.0311540934219593,0.0340086740256605,0.0381001001516408,0.0423438538992379,0.0473001446166481,0.0529654817747546,0.0589817274419829,0.0654168770992632,0.0738109375550562,0.081056810988005,0.0902294344501532,0.0997215036504801,0.111102039680338,0.12177283813535,0.134038815413827,0.14910679560789,0.163606385207576,0.180091937725398,0.197876278730298,0.216884727001686,0.238624314777258,0.264541915781809,0.293548336764656,0.31920670917706,0.340543197016655,0.356675192214991,0.374360144528608,0.425431904415725,0.362659654893799
"188",0.000732061658651721,-0.00456332298267167,-0.00320468095685157,-0.00195539652086022,-0.001236942778141,-0.000742422694792454,-0.00037918689526616,-0.000154573652714993,-3.1755928630785e-05,-2.20201655604583e-05,-0.000107414455837231,-0.000212027614861394,-0.000255425876794711,-0.000300422672258996,-0.000211624802902184,-0.000126463973710094,-2.23591957988554e-05,1.86048707381263e-05,-0.000978878228413891,-0.001928296502195,-0.0022150991832565,-0.00235362163398549,-0.00235072945214843,-0.00230111732030136,-0.00205518501110035,-0.00179963732921992,-0.00150487173529238,-0.0013377344423388,-0.0011983164337142,-0.00105975024923449,-0.00100765179539505,-0.000999187255300858,-0.000906439919142628,-0.000706698587760595,-0.000458054596175036,-0.000148054373022728,0.000162660655712853,0.000499045375071208,0.000769761803291828,0.00101634845872078,0.00126756571044689,0.00148619136529174,0.00183964444300565,0.00222257070372924,0.00258358678151867,0.00301828966795197,0.00346884657708181,0.00387363753787869,0.00439341168349758,0.00491042418728641,0.00544844456432174,0.00590179402713249,0.00642604891472436,0.007033318079368,0.00774600135734176,0.0083702184021253,0.00908992210900146,0.00978822414187457,0.0105321727702946,0.0115959633982202,0.0124360894585347,0.0134584288490713,0.0144641053235229,0.0157535112746784,0.0170279869646557,0.0184783745654675,0.0200730579394677,0.021671023742385,0.0236374196407035,0.0261648250673802,0.028424302194325,0.0309932467387422,0.0338354305431674,0.0379162905763662,0.0421578124367508,0.0471168180438579,0.0527836482642636,0.0588022026724535,0.0652320605110652,0.0736210113649515,0.0808252539112373,0.0899633955406734,0.0994369020806336,0.11079383006571,0.121464281804576,0.133763439987453,0.148896846386032,0.163476109391177,0.180043933228701,0.197916832353578,0.216985346685658,0.238768151621503,0.264789045463721,0.293899991852986,0.319628385219723,0.340965267660792,0.357005546617247,0.374592881328147,0.425434345311708,0.362357343797181
"189",-4.54720672897776e-05,-0.00483402940635834,-0.0034103602455935,-0.00209402938611868,-0.00133062053189213,-0.000816713696206522,-0.000440317919594702,-0.000204407321268786,-7.24780453063891e-05,-5.59847508295176e-05,-0.000136879534222631,-0.000238377737431064,-0.000279806299933951,-0.000323929982778719,-0.000235163577257912,-0.000150935646386786,-4.8446253860157e-05,-9.57066570526134e-06,-0.00100708912938096,-0.00195852959434215,-0.00224840322071214,-0.00238855542907515,-0.0023877531369841,-0.00233913694217121,-0.00209204277568825,-0.00183383125080416,-0.00153700364375964,-0.00136859358833876,-0.00122886813252222,-0.00109049113751567,-0.00103910396523379,-0.00103147967348997,-0.000939089770689565,-0.000739925679744164,-0.000491431502174416,-0.00018162125473897,0.00012841229702346,0.000464095584924403,0.000733939524784551,0.00097946153593027,0.00122986082078245,0.00144720631520655,0.00180025355152441,0.00218285405374599,0.00254421673423657,0.00297967795082095,0.00343009826201706,0.00383430499253795,0.00435312024134479,0.00486857804799276,0.00540448586972818,0.0058551546833697,0.00637852396068971,0.00698475064602034,0.00769792470813425,0.00832270616863193,0.00904114988282601,0.00973674328622946,0.0104758875547988,0.0115324039459507,0.0123639653908786,0.0133763961284047,0.0143759060711398,0.0156599032542148,0.0169318048810148,0.0183820016769266,0.0199729875555711,0.02156591580392,0.0235233801252714,0.0260385585668045,0.0282826196496142,0.0308324000555251,0.0336621870606742,0.0377324810010917,0.0419717709742637,0.0469334914710677,0.0526018147537727,0.058622677902924,0.0650472439228671,0.0734310851748469,0.0805936968344697,0.0896973566311936,0.0991523005107871,0.110485620451082,0.121155725473801,0.133488064561079,0.148686897164175,0.163345833574779,0.179995928732005,0.197957385976858,0.21708596636963,0.238911988465748,0.265036175145633,0.294251646941315,0.320050061262386,0.341387338304929,0.357335901019504,0.374825618127686,0.425436786207692,0.362055032700563
"190",-0.000823005793231276,-0.005104735830045,-0.00361603953433543,-0.00223266225137715,-0.00142429828564326,-0.000891004697620589,-0.000501448943923244,-0.000254240989822579,-0.000113200161981993,-8.9949336098577e-05,-0.000166344612608031,-0.000264727860000735,-0.000304186723073191,-0.000347437293298442,-0.00025870235161364,-0.000175407319063478,-7.45333119214582e-05,-3.77462021486494e-05,-0.00103530003034803,-0.0019887626864893,-0.00228170725816778,-0.00242348922416481,-0.00242477682181976,-0.00237715656404106,-0.00212890054027615,-0.0018680251723884,-0.00156913555222691,-0.00139945273433873,-0.00125941983133024,-0.00112123202579685,-0.00107055613507253,-0.00106377209167908,-0.000971739622236502,-0.000773152771727733,-0.000524808408173796,-0.000215188136455211,9.4163938334066e-05,0.000429145794777598,0.000698117246277274,0.000942574613139764,0.00119215593111801,0.00140822126512135,0.00176086266004318,0.00214313740376273,0.00250484668695447,0.00294106623368993,0.00339134994695231,0.00379497244719721,0.004312828799192,0.00482673190869911,0.00536052717513461,0.00580851533960691,0.00633099900665505,0.00693618321267268,0.00764984805892674,0.00827519393513855,0.00899237765665055,0.00968526243058435,0.010419602339303,0.0114688444936812,0.0122918413232225,0.013294363407738,0.0142877068187568,0.0155662952337512,0.0168356227973739,0.0182856287883858,0.0198729171716745,0.0214608078654549,0.0234093406098394,0.0259122920662288,0.0281409371049034,0.030671553372308,0.0334889435781811,0.0375486714258171,0.0417857295117766,0.0467501648982775,0.0524199812432818,0.0584431531333945,0.064862427334669,0.0732411589847423,0.080362139757702,0.0894313177217139,0.0988676989409406,0.110177410836455,0.120847169143027,0.133212689134704,0.148476947942317,0.16321555775838,0.179947924235308,0.197997939600138,0.217186586053602,0.239055825309993,0.265283304827545,0.294603302029645,0.320471737305048,0.341809408949066,0.357666255421761,0.375058354927225,0.425439227103675,0.361752721603945
"191",-0.00160053951917276,-0.00537544225373166,-0.00382171882307736,-0.00237129511663561,-0.0015179760393944,-0.000965295699034657,-0.000562579968251786,-0.000304074658376371,-0.000153922278657596,-0.000123913921367637,-0.000195809690993432,-0.000291077982570405,-0.000328567146212431,-0.000370944603818165,-0.000282241125969368,-0.000199878991740169,-0.00010062036998276,-6.5921738592037e-05,-0.0010635109313151,-0.00201899577863645,-0.00231501129562342,-0.00245842301925446,-0.00246180050665542,-0.00241517618591091,-0.00216575830486405,-0.00190221909397265,-0.00160126746069418,-0.00143031188033869,-0.00128997153013825,-0.00115197291407803,-0.00110200830491127,-0.00109606450986819,-0.00100438947378344,-0.000806379863711302,-0.000558185314173176,-0.000248755018171452,5.99155796446721e-05,0.000394196004630794,0.000662294967769997,0.000905687690349257,0.00115445104145356,0.00136923621503616,0.00172147176856195,0.00210342075377948,0.00246547663967237,0.0029024545165589,0.00335260163188756,0.00375563990185647,0.00427253735703922,0.00478488576940546,0.00531656848054105,0.00576187599584412,0.0062834740526204,0.00688761577932502,0.00760177140971922,0.00822768170164518,0.0089436054304751,0.00963378157493924,0.0103633171238073,0.0114052850414116,0.0122197172555664,0.0132123306870714,0.0141995075663738,0.0154726872132876,0.0167394407137329,0.0181892558998449,0.0197728467877778,0.0213556999269898,0.0232953010944074,0.0257860255656531,0.0279992545601926,0.0305107066890909,0.0333157000956879,0.0373648618505425,0.0415996880492896,0.0465668383254873,0.0522381477327909,0.058263628363865,0.064677610746471,0.0730512327946376,0.0801305826809343,0.0891652788122341,0.0985830973710941,0.109869201221827,0.120538612812253,0.13293731370833,0.148266998720459,0.163085281941981,0.179899919738611,0.198038493223418,0.217287205737574,0.239199662154238,0.265530434509457,0.294954957117975,0.320893413347711,0.342231479593202,0.357996609824018,0.375291091726764,0.425441667999658,0.361450410507327
